comment_id,ncs
Ugw-4AhDDIPtUPBMNjZ4AaABAg,0.11607562693745127
Ugw-8-4r_ie_L9ZQ5zd4AaABAg,0.1678053576821601
Ugw-8Nqin-FLbUbF6114AaABAg,0.09747490415375688
Ugw-Coi_2IQKUwIZnN14AaABAg,0.09930898780743219
Ugw-XhqZFNM7Z1aSiMt4AaABAg,0.12446155297845851
Ugw-XkoygOhQH9eyR814AaABAg,0.05202988364671912
Ugw-z2euYCdy_8PlvCp4AaABAg,0.12048622728907754
Ugw-zAoUth-zJSm-Rk14AaABAg,0.08443533078435861
Ugw0Azrl35Lsi3YKzEp4AaABAg,0.13014587588742332
Ugw0LNU6yznhlqbjGHx4AaABAg,0.17284610053675592
Ugw0SKomzyhYyP_9cO14AaABAg,0.15200672520306313
Ugw0cnGnpB65X7vH34p4AaABAg,0.17137552657391408
Ugw0hiW_vKxKJg798KN4AaABAg,0.12642030058197112
Ugw0n4xsKzRQbiYUYNp4AaABAg,0.1166247559212138
Ugw0qsGcLBGItHFSQb14AaABAg,0.09882039680770821
Ugw0tPb9IaRFcdHeTD14AaABAg,0.07189522995031168
Ugw1-cPEeNg4IQUDSy94AaABAg,0.10602431690970204
Ugw16D2oK20A__5E66N4AaABAg,0.07464559491704825
Ugw1Cv1E4ZprjTRZwtp4AaABAg,0.173130068074958
Ugw1DH6JocRzddkSsId4AaABAg,0.09522456866593415
Ugw1ELFXR9p7t7aVoNl4AaABAg,0.04082679246929033
Ugw1N5Ie4Oya-s1zv014AaABAg,0.08885778860337101
Ugw1SAmYSjT1v9h9iHx4AaABAg,0.06708470948789193
Ugw1bbBQJxY3yxy4FBN4AaABAg,0.05334285984531506
Ugw1nCetQgEz2KVCeBB4AaABAg,0.16353570029858144
Ugw1oyNKWf7LfzCgnO54AaABAg,0.15400605060138967
Ugw1zjm6xZG2hX6gw754AaABAg,0.055911727111899526
Ugw2VnU0tp-VzvWbNZh4AaABAg,0.14824724241060316
Ugw2ZzXiYjBamRelnG14AaABAg,0.029262123674390003
Ugw2d4oklL_P_AlcWb94AaABAg,0.15953373749525063
Ugw2h8sGbSNTMpch-Ox4AaABAg,0.1516808119103477
Ugw2wCivJJLEWS-TwFZ4AaABAg,0.008137360074317927
Ugw2xYL1UlMP4b8d4mZ4AaABAg,0.13645740713676108
Ugw35HSayn6GKNN7RaJ4AaABAg,0.16383402759868815
Ugw3PrEKmu6EeKJm8Ud4AaABAg,0.16356686988852642
Ugw3eWrdTQd2jiC0X6R4AaABAg,0.1483839030161334
Ugw3jbgFGVfdp-XrLnR4AaABAg,0.08328297698401584
Ugw3kzFMzlbh8_GkAfJ4AaABAg,0.1595593040233066
Ugw3zIVfCaCfOeZ8SbF4AaABAg,0.13985917798525255
Ugw4AnWp7D7eeXQGM0p4AaABAg,0.016506173659530807
Ugw4Iv7NEBL_HvToZMl4AaABAg,0.08180417542663798
Ugw4JEJO7gBnFaPidrF4AaABAg,0.09923242806886723
Ugw4i05IEsUBzozEa9V4AaABAg,0.13314509258600926
Ugw4j11jFi4JTPAAQHd4AaABAg,0.05528189953536422
Ugw4kI_fnC_kpRfqYoh4AaABAg,0.04072270909516952
Ugw4ni4KfL497giwgDR4AaABAg,0.06438606894049004
Ugw4ruHv276vCImEEId4AaABAg,0.12231183433742637
Ugw4vImN0m-deqDetoZ4AaABAg,0.05995744151630439
Ugw4vZijHq6HDMQj3zx4AaABAg,0.17744294574577635
Ugw52-KYInJX-6_h9WN4AaABAg,0.17058256910761427
Ugw53M5V9wbp7atGzLB4AaABAg,0.02270671309058489
Ugw56Kiom977Tg-CsV14AaABAg,0.13354319761518324
Ugw5BSVZLvPnfQOYQ-t4AaABAg,0.1558335460979115
Ugw5OjHVjguSLF6Mcm14AaABAg,0.0021521681604122263
Ugw5WxXhXfqkgKmBArl4AaABAg,0.15460312269637494
Ugw5tgq7TDGvMRqc9KN4AaABAg,0.10820101935761556
Ugw6-oWRj7Ht1bWqNWl4AaABAg,0.15209973860098747
Ugw62qpJicp0Ot-MP2B4AaABAg,0.1051921236318923
Ugw652_8kLpD26uoHHp4AaABAg,0.03042631424833836
Ugw6Ro-QDA0u7mrYS0x4AaABAg,0.14443692547533554
Ugw6_NFYugP4XPN8wLt4AaABAg,0.0686846435175249
Ugw6mzQFDtT-Y-F5IFd4AaABAg,0.08002910840352218
Ugw6ue4o_J7J6bUmah94AaABAg,0.17313426617590238
Ugw6v3mdN_Cweuv8xat4AaABAg,0.07899812081721143
Ugw7GKsc34Uf5b-0pnl4AaABAg,0.16218232206733263
Ugw7Ik9BVeyqhjs4PnV4AaABAg,0.037935881239421
Ugw7K2ML4HRTGNbQTIh4AaABAg,0.13141762727307077
Ugw7Sr4o6aW2aqq1FIh4AaABAg,0.04971598694695195
Ugw7aPBrJD3859PGtLh4AaABAg,0.06062655777927174
Ugw7g_KimVOG1a5l_Ul4AaABAg,0.03361171191932057
Ugw80Cu-GvN1Tq5YmJV4AaABAg,0.14084854226123378
Ugw84Zu5Gf8iu6WaIsx4AaABAg,0.10298119221761548
Ugw8jwMS03bInfkJe5N4AaABAg,0.07228448679806139
Ugw8lm3z7RjDZYtbLBR4AaABAg,0.0339601675467576
Ugw8lmZ8yP2Rdawr19d4AaABAg,0.1554898490275976
Ugw9FYOdXpHB4-5sLvt4AaABAg,0.015513045894213155
Ugw9NHfnFOtvJbjx_at4AaABAg,0.09547779234825482
Ugw9RGLeZY-mWwwjA_Z4AaABAg,0.13073033369675274
Ugw9Rk8161Pb1mLRvQd4AaABAg,0.12303316301117212
Ugw9b84nIOrxfJ3h7V54AaABAg,0.09750227401699757
Ugw9efJRWwLHn14nNi94AaABAg,0.12761473392924882
Ugw9h4kymsSB-1_5Wst4AaABAg,0.10554011991232126
Ugw9jOBK0D_zn2uSUsN4AaABAg,0.06390203656286526
Ugw9n8W2oT0ZaEdg3sl4AaABAg,0.17065173166160685
Ugw9uTeJtAVA82ivS-d4AaABAg,0.1616724099585647
Ugw9zP3PI3VhNpi64FF4AaABAg,0.12157338102579451
UgwADmbrI473n68c1VZ4AaABAg,0.12814800284226602
UgwAUYwUzVnZ8XW-GJZ4AaABAg,0.14031260762022268
UgwAi_q2aAXBlZwubzN4AaABAg,0.11253325799616881
UgwArQc776u1rh9Gp7t4AaABAg,0.13683490478809196
UgwBH2eIrO6QAKFHoz94AaABAg,0.037653811260202855
UgwBn5KxRiJu3BE4Gz14AaABAg,0.124316696743688
UgwBrs-Kj1KyBeqRD_x4AaABAg,0.031267184808970214
UgwBvz1uDONdtDA5Jz14AaABAg,0.06969106279145426
UgwBw7nfmKaY7efXpbN4AaABAg,0.14358460575347598
UgwBxf-coGhoZ9BiLPl4AaABAg,0.12442997977703069
UgwC-kU0JP_B4s1j8h94AaABAg,0.11280308973973058
UgwC1HDZSeE33HnBdNx4AaABAg,0.029834643912144805
UgwC6phUG3CUpJfxXhl4AaABAg,0.12070139857083878
UgwCovw8qZIplYbz87t4AaABAg,0.0734212737492389
UgwCt023pTBncsrp6-t4AaABAg,0.12923714544750264
UgwCyKSvdl1fEzOxFsp4AaABAg,0.05713872616621303
UgwDHXI2q4zV2lXaBSZ4AaABAg,0.0037918284109235466
UgwDcsxI7B2Lm6l7fqx4AaABAg,0.17391735394019558
UgwDdlVo73t3TYwsGmd4AaABAg,0.11534252872384254
UgwDf3Qs4y_V7BAvVpx4AaABAg,0.14677928763707182
UgwDsaDhXqDXFdSw-BR4AaABAg,0.14062479077384832
UgwDv-f1IS9me76LC514AaABAg,0.0006886676543061991
UgwDwloe2aPrcobpMn54AaABAg,0.16398276070504647
UgwE47o5b4otDIt7JXF4AaABAg,0.13808192753392107
UgwEJ6uNCxLiFT2BUNR4AaABAg,0.15970745352309568
UgwESGqOqBZIrQgJCop4AaABAg,0.13479339734228152
UgwETRFkM93kcqvgaVd4AaABAg,0.12125224125226242
UgwEX48BTJXJ7LRapEp4AaABAg,0.10277558782064383
UgwEYj1DHfERRiSrWEt4AaABAg,0.029229485313696724
UgwEZTue3SAQSstDpN54AaABAg,0.11826285715842194
UgwEcf6d-ce4SflxjGd4AaABAg,0.12994616387225333
UgwEck6OaQXVFpN1zOV4AaABAg,0.16836507449219096
UgwEi81qWANi_ySfIFp4AaABAg,0.05428509995729844
UgwEx-1Th2nD50a6Gpd4AaABAg,0.15231331109798907
UgwFOma3jD8Tdi1gvid4AaABAg,0.14066492232060296
UgwFXHjjQ3VO36KiRnx4AaABAg,0.05259729499816729
UgwFaGBizX_fNQq3qxZ4AaABAg,0.13035949946922837
UgwFlvRewqFLbYoWT-p4AaABAg,0.16195558308137736
UgwFte7MnB0loOYZuuJ4AaABAg,0.1736085214648927
UgwGDlMfoEvHNA8azVp4AaABAg,0.020176756922694578
UgwGRg0RDMTCIBUZ7Oh4AaABAg,0.05243686288344747
UgwGWrcS7qUW1UumR2R4AaABAg,0.13215075675896432
UgwGYQfrwdIH4jrSrnh4AaABAg,0.08018262368924607
UgwGaWGlBwRH2g4Pwi54AaABAg,0.018269522670371477
UgwGoVV1RCSz8NXvXkx4AaABAg,0.16945680845144545
UgwGuiOgV0Tmsh1rDaR4AaABAg,0.1503468762178426
UgwH3iWJXb7p7QLfAFl4AaABAg,0.17523252010780627
UgwH5KbrK03XZC4H9up4AaABAg,0.07805171120798123
UgwH8DGopeQsUTjLRXl4AaABAg,0.08609722387765678
UgwH9VGfa6LXZlHAb414AaABAg,0.10399143890741354
UgwHIt6h77EncQJSkJJ4AaABAg,0.16187916105852246
UgwHLzBmQhPyIe1i09F4AaABAg,0.12278889418945027
UgwHPY7_cUHrXZb1Hep4AaABAg,0.17371829005668316
UgwHRY92YKOMRhlHL_x4AaABAg,0.06997342087894548
UgwHVSbQ_s7cwWzowO14AaABAg,0.10690549514219627
UgwHdzAF56unjHk1eel4AaABAg,0.01385474845657832
UgwHeN2G00W_pGBAbgp4AaABAg,0.12936058388592836
UgwHff1V5IAk49s8k_F4AaABAg,0.009032387816273277
UgwHj3Y0lPyQozQhWFB4AaABAg,0.05671901365891864
UgwHkhdgIvV9953sXSV4AaABAg,0.07468208448015069
UgwHpYFZwRT6B3RQaWZ4AaABAg,0.09562477562100491
UgwHwKrWaXR-CcguIAh4AaABAg,0.11821559222365569
UgwHybaBbkqA23LbwKF4AaABAg,0.11535765173475437
UgwI9slZmRvx1xCHTy14AaABAg,0.11637767479790156
UgwICRGUT6cNMi_mC-R4AaABAg,0.16262115362571833
UgwIDQjTBiAgXmGdgUd4AaABAg,0.14690068285721813
UgwIMoZJTbzXEJhIiWN4AaABAg,0.03208282155001918
UgwIZaiLAIz_3DU_XPh4AaABAg,0.13806874295394866
UgwIplanOaeebjKEQHt4AaABAg,0.1165708415648471
UgwIrbLdvugLpr1DGIJ4AaABAg,0.06165660440503162
UgwIsTBwgQQJgMvFr414AaABAg,0.14155428189015906
UgwItj5a7ChhLy47P-J4AaABAg,0.12660648094821184
UgwJ0rCqIGnQSf3tuml4AaABAg,0.026178579449312657
UgwJ1KPlhlY_pENacbl4AaABAg,0.11475771988589162
UgwJBYw3rV833uEbU_N4AaABAg,0.13942576479134378
UgwJHrTZDrzqsGPnffR4AaABAg,0.10223538616607952
UgwJLjWcpIbSfR4B5LB4AaABAg,0.16055686295960625
UgwJVStHK3FoBYsIJG54AaABAg,0.033870276379119116
UgwK1eTex-dXzoGQqxp4AaABAg,0.1665958466408991
UgwK4KdVUphHg4vxDWt4AaABAg,0.14929936940408028
UgwK4vUOF4_hYy7YwON4AaABAg,0.026404999831148593
UgwKA7fry-DFoVt_nKN4AaABAg,0.1647481580300657
UgwKag2QATd9FVBkMO94AaABAg,0.06139249230067796
UgwKbFiojZMyYxcPc_p4AaABAg,0.04409072538067382
UgwKm-v8znoX1TtvjvZ4AaABAg,0.1283136982623439
UgwKoIUOCFIgeQVxDbd4AaABAg,0.14786096311310792
UgwKuf9rZdmpDZSZ3gd4AaABAg,0.13091050319260733
UgwL2_h6QXP8D-WEPmJ4AaABAg,0.08755284313135349
UgwL3Jp1rqjts2Xoo4h4AaABAg,0.14799979749507863
UgwLHk4YSirh-SOes414AaABAg,0.13976643088269808
UgwLSxsQK-MKNAEWwU94AaABAg,0.05977832265243782
UgwLW8JD2Nhi-2-5R4V4AaABAg,0.11179579573570281
UgwLj9UixXRf_x9JGxh4AaABAg,0.13285016727776416
UgwLpCAJLcfCO-0DoRZ4AaABAg,0.1482557031960659
UgwLzTvKUtLFgWjofxR4AaABAg,0.08303463418184116
UgwM5FISzhcCKE05gQp4AaABAg,0.14056204132796873
UgwMGTuSLJVC9YKacol4AaABAg,0.16344123134131278
UgwMQpBCriAg-PN7hWl4AaABAg,0.058204566856244144
UgwMTgk6KhBIk6BcWFx4AaABAg,0.05511229811907932
UgwMVCdKuXQbzQw9jYB4AaABAg,0.16604275990941103
UgwMYt9NTDcjVyeGiad4AaABAg,0.06589477363739354
UgwMpISiI4aSkQ8SKW14AaABAg,0.149324562407589
UgwN6C-2xm_hxnOA4GJ4AaABAg,0.12471285600856286
UgwNBoj-5wdjwyjwPKd4AaABAg,0.15959104272626617
UgwNIIf8R3iK00CYh454AaABAg,0.05244390955521447
UgwNRNaGfUcg_nP_2Jh4AaABAg,0.11932074913757701
UgwNh0FpOpvOn3ljPq94AaABAg,0.0602604485803829
UgwNrGFBS0aZFXkh-tF4AaABAg,0.01927470883911961
UgwNyg-ivsWWDwj6bK54AaABAg,0.17682457480447583
UgwO8Tjcm1Y9l218LU54AaABAg,0.15131986918102158
UgwO8xRNIfYVUhhOPXx4AaABAg,0.12066931621148586
UgwOEXDITO8CtnsBb2V4AaABAg,0.1558687282430392
UgwOcBJrL8APW8ZWFxN4AaABAg,0.13189333801261793
UgwOjzVX9RIQL7lO_tV4AaABAg,0.026684034925852668
UgwOlKas-L3Zs4E-knF4AaABAg,0.13328193208023148
UgwOrsXtje9hgMsxp4F4AaABAg,0.1469508198338912
UgwOvBQPbfSlB49cv714AaABAg,0.13689771915320376
UgwP1lucCxGdOxeQgE14AaABAg,0.12926019977297148
UgwP5STVz6LeU5SY6lZ4AaABAg,0.11546242167278616
UgwP6dLq5UQneXrPaoF4AaABAg,0.12575247800874667
UgwPH7Rr04oMr4v6yUh4AaABAg,0.1601653894686591
UgwPJEJ1yxhSmcXXPj54AaABAg,0.14796163060949047
UgwPSlXGikfpr-vJ0gZ4AaABAg,0.08146241169815234
UgwPVNkariwRgJ7TcGl4AaABAg,0.1315579612249581
UgwPVPjFgbJ_nO-TdPN4AaABAg,0.14934230829692152
UgwPVhIHrXbewR_gHNp4AaABAg,0.08436415177956857
UgwPyGpvOu_puoQkJq14AaABAg,0.046358298243994844
UgwQ0M3EHW5Y1GjSiqh4AaABAg,0.07628677723985962
UgwQ4U2T3Vz9Nawo18F4AaABAg,0.052856797041058695
UgwQ4Z3zq56fn7R6nCB4AaABAg,0.09004442648653745
UgwQ7agNc5qLIxCN-694AaABAg,0.03211890299453819
UgwQC6FZCIhZJt-Tkqt4AaABAg,0.07504683503231996
UgwQdCuPcMYu7_Zf2lN4AaABAg,0.15505869753766405
UgwQfRSNMhGiyMMxZtB4AaABAg,0.037380981413222894
UgwQipAtgLqBo9xk7u54AaABAg,0.16646608944998886
UgwQvkStrZxM6WMxT4l4AaABAg,0.1559680800676339
UgwQyXYrgmZ0vsGPOVZ4AaABAg,0.1597920460173018
UgwR3KSIArt5-3MaK_N4AaABAg,0.014001304288174133
UgwR9r2RjShjAVmi4yp4AaABAg,0.06075189285155186
UgwROhff2ALX9WB6ZFB4AaABAg,0.13601415327939226
UgwRW8Xs4ipXM2tlgHZ4AaABAg,0.08586324452003297
UgwRaa3LZRoGGffwYDR4AaABAg,0.09278778783166791
UgwRj-HIKRiSVUpmukN4AaABAg,0.016258877704568797
UgwRkQ2hPVqQKQAhwTd4AaABAg,0.16043822627844612
UgwRqWMMDq-F_0FI2SR4AaABAg,0.09268143761027697
UgwRsyNy7HCOpBDWMa14AaABAg,0.1636595430753337
UgwS6FcIAe7F7Vf3a7R4AaABAg,0.09299175512354735
UgwS6gMJ0fHDHZwERbp4AaABAg,0.1365727093021964
UgwS9DhODpANd04F50p4AaABAg,0.030024190160138787
UgwSEaGtjo4HSw7iUqV4AaABAg,0.14906988220618966
UgwSIdHFFO_bkwNqYtF4AaABAg,0.14186027616298308
UgwSM1FwxNWwy7Dd9CN4AaABAg,0.14647396765406256
UgwSM9V4mSPmM08hBF14AaABAg,0.12991328074951802
UgwSRpR9SQiP1h669MV4AaABAg,0.02821384914921178
UgwSj_4flpVV39RqqKF4AaABAg,0.13150467214922373
UgwSvNwfBPlwylDXUZV4AaABAg,0.0237136261319708
UgwT1djAlX7lqnvhnGt4AaABAg,0.15958812162258812
UgwT3eBwggE2usELImB4AaABAg,0.164678952724573
UgwTKL9-cc23MVEDqVx4AaABAg,0.15870485149184593
UgwT_IvYmTnu5u-RK8F4AaABAg,0.14409295072012485
UgwTe1xV4Hm0YcvsUkl4AaABAg,0.12112429878866082
UgwTqzjLBmeqgieVbuZ4AaABAg,0.17487352821423313
UgwU59roeI5WPr-UPA14AaABAg,0.16069096498319413
UgwUJC3KkD_aASM-8uB4AaABAg,0.03568316317819947
UgwULTEy7TvBU3CGjlp4AaABAg,0.10127715359150742
UgwUMo9quMqjgboUoNF4AaABAg,0.1582767000457917
UgwUP1v7RlU_k3_qJnV4AaABAg,0.1459798375969537
UgwUSspxCMo1vNSaqJN4AaABAg,0.14162826932009503
UgwUXuO_KSH_wXM9puR4AaABAg,0.16062120225806437
UgwU_97bklWfl_5m7fl4AaABAg,0.03446159967793544
UgwUhOKt7KS7XmhSfwx4AaABAg,0.11834069837670724
UgwUsLTuTeL1VyRvw_h4AaABAg,0.15213100243075395
UgwUwpI7hInxhe74Nrl4AaABAg,0.008435103522432406
UgwV0v4KG6n4AEc8QCN4AaABAg,0.06519263781788867
UgwV8DH0zKFNEDsZeS14AaABAg,0.09123314988466981
UgwVCprmL8DJB_y255l4AaABAg,0.07334169997989166
UgwVEv5PTJBFpKsmbQt4AaABAg,0.10677332298175696
UgwVJpLI3Uhl6-342oh4AaABAg,0.15027995199357563
UgwVKcDTeJVMUADWYvl4AaABAg,0.14786986000768587
UgwVKjHb-M0VSJnEkJN4AaABAg,0.037682662987655664
UgwVLdTDxcSrnE8zj-d4AaABAg,0.06814527512718102
UgwVWSxfR8Pvru0PYlh4AaABAg,0.02207257668181351
UgwVcV3f2Tz2CgRQDtt4AaABAg,0.12241588237962958
UgwVoZ2DvXgSTJbdo8h4AaABAg,0.16591155673119767
UgwVux17jBAd5QSkmy14AaABAg,0.04055397153576758
UgwVwsmf4KGgnsm1wtB4AaABAg,0.11549032638357803
UgwW3hGMz-oGEPKRqyl4AaABAg,0.14958493735520906
UgwWEvSPhm_xHCMcBMV4AaABAg,0.05948909006901988
UgwWq117GiZutpzQOSZ4AaABAg,0.1486534582375421
UgwX4sxFnkpVeca7jcd4AaABAg,0.009218607789818718
UgwXDCZuVEL36XOgrBl4AaABAg,0.09930974865088056
UgwXDMhf6eCMNLqM17p4AaABAg,0.04064751008723701
UgwXHIXDIU-xijhdnpp4AaABAg,0.17393766792005533
UgwXIaNlSKxDS57ez194AaABAg,0.014258327625663248
UgwXXE-A__3lY8oKTst4AaABAg,0.04745126832882936
UgwXcqE-E-sCL9J8fy14AaABAg,0.06079461533967952
UgwXythR9nFubOa2HIV4AaABAg,0.059799826147995006
UgwY0HrYZOg9BrBkeYd4AaABAg,0.09313634081955509
UgwYFhrz6_ZWZZ_kkgx4AaABAg,0.13584335316472035
UgwYRxbAuAmE2z33K194AaABAg,0.11821559222365569
UgwYSNbYrS0H6YJO9O54AaABAg,0.11796061106234698
UgwY_bTKUSIYBCoU5tJ4AaABAg,0.09485532323755047
UgwYr0yXTSUwWXM01gN4AaABAg,0.17321357961161932
UgwYyHBBOi2pXpOlb3N4AaABAg,0.047559386730094425
UgwYz1fn63sOwNK9Mdx4AaABAg,0.17238840201200128
UgwZ4cgeJMbxvp3NPvl4AaABAg,0.16270924876414777
UgwZ758N65v_UrvZtNJ4AaABAg,0.09655966935246864
UgwZJzeamZkg9fyoq4t4AaABAg,0.007090704695535852
UgwZUeNmskXyrC8C6rZ4AaABAg,0.011402739413901245
UgwZbmmj83cYFMuL5zV4AaABAg,0.12302854605115524
UgwZhND1FqaI3O0jYkV4AaABAg,0.04378397522134977
UgwZjPIRaMiFX09b7EF4AaABAg,0.1660915763504947
UgwZq3HS6W50xLh8GAh4AaABAg,0.10362346746389128
UgwZqCGzBs_7AyvBq-x4AaABAg,0.15053032677357114
UgwZrPu3aeGVNF__11N4AaABAg,0.036385381966717284
UgwZrkP6uBRv_YBwsMd4AaABAg,0.1406912359077404
UgwZyQQo8qVdykezUNd4AaABAg,0.14473275089100723
Ugw_-6Ozhbuko5zulBJ4AaABAg,0.13344856092552637
Ugw_4CLuEAc6TCLE9X94AaABAg,0.050268982919287136
Ugw_6B2hS-u_Wflqc7N4AaABAg,0.09150550573854527
Ugw_7QSCidPymYzxBXN4AaABAg,0.14132927996494976
Ugw_9gyU-t-aDl5IWIp4AaABAg,0.08160557358268931
Ugw_A2lJFEQ2Fefj-jd4AaABAg,0.1530907491496596
Ugw_CCc65MhvfwoY5tN4AaABAg,0.08976225594499321
Ugw_HpR69OKenOoXdUp4AaABAg,0.1667570925421345
Ugw_JY-eQfc4c-8P_Ah4AaABAg,0.03888381305270594
Ugw_PF_Kkf66wrNxAst4AaABAg,0.1302490169283979
Ugw_Rp9HV89RDtYygMF4AaABAg,0.09478636909661417
Ugw_TlbqJ7ACuDlSV-N4AaABAg,0.07246983750459099
Ugw_VI3HPJOGvDXNvId4AaABAg,0.13799620328700596
Ugw_oFMKb-r_WmWyUxl4AaABAg,0.1797267246754477
Ugw_znOB0rVOp2kqpzl4AaABAg,0.1538700392322463
UgwaXdcsMXJZvCrxmCV4AaABAg,0.15896844877052763
UgwaY08BNtMvaL2U7Xl4AaABAg,0.09328561570706967
Ugwaa_UJlTq2JM5ON0l4AaABAg,0.14709177639377957
UgwabETjTEEqiLXuYQp4AaABAg,0.14621173851783786
UgwawIcq6TVqNuxZ8wZ4AaABAg,0.13350109592509568
UgwayDdMOLhpiDMSpzt4AaABAg,0.13109452475581773
Ugwb2Y04H4wDc-jQy_B4AaABAg,0.1544398122474418
UgwbAAdJcpmWRPy2yyd4AaABAg,0.033870276379119116
UgwbKML_Jvj_gprOGX14AaABAg,0.07072273609639756
UgwbRx9QzYhmT1wF0VZ4AaABAg,0.08016546883007486
UgwbdD1YxXfEdTN7zch4AaABAg,0.1684041628210518
Ugwbjl8CwEkSozMi85p4AaABAg,0.080313803049533
UgwbpnA--ADFAhq-8_l4AaABAg,0.1468636089537146
UgwcCCoQtDntV1SuvwV4AaABAg,0.11949608050004551
UgwcE4Tsyv5ucUinzX14AaABAg,0.11168326219002707
UgwcEZj5d2sUkBYwSJR4AaABAg,0.1720997171081794
UgwcFt-I3lzSbmBrBOx4AaABAg,0.040559495982990926
UgwcI6DXyu3abY8mTZx4AaABAg,0.1006639314644534
Ugwd1sMRdJjzjudlF454AaABAg,0.13830367394800402
UgwdBO8M4DPY7GrvC054AaABAg,0.17580740455802102
UgwdMhWkydzOGshND8h4AaABAg,0.010009895429243135
Ugwdd5nPPvYzPhnYv-J4AaABAg,0.08809373812064647
UgwdjVR3zQwpIDFQp0F4AaABAg,0.1717175331804231
UgwdqYnWWjV7o6UVlt54AaABAg,0.10129480026605064
Ugwdw6cvE8KqWzN5neJ4AaABAg,0.10516098027457599
UgweHdbYY3iHyjckR6B4AaABAg,0.16376496175443594
UgweTNsmvO4wvjpOnql4AaABAg,0.08967813343457426
Ugwe_uCDReVIjAF_5ZV4AaABAg,0.12708989546338456
UgwegzNUvvh9DNO46Qd4AaABAg,0.15866909847400562
UgwejX91Myz6LUtSJdp4AaABAg,0.08245022838862526
UgwejYZMZpdjx6eJUWl4AaABAg,0.09140877199303327
Ugwelz1sVE1q1zRW_ux4AaABAg,0.1671700731739088
UgwexahufT0LRheH1LJ4AaABAg,0.17839997433891286
Ugwf4axV-EiPHjAOxbp4AaABAg,0.11575310940248584
Ugwf80hvefpoBDIuumx4AaABAg,0.1068727315912193
UgwfAtsVoY3dt9iRToB4AaABAg,0.09845967759929587
UgwfCIxrnRcHqyFq1VF4AaABAg,0.006756891642049853
UgwfWeSYCTLw6ar5SSJ4AaABAg,0.023218604614186705
UgwfjNk3BPcjLoUFJYt4AaABAg,0.1266454651003568
UgwfuksBfst2iz4XDaN4AaABAg,0.13134474063778812
Ugwg-UtMDJt8fLcjYiJ4AaABAg,0.11471049076595131
UgwgRlcSIdNWYTumt7V4AaABAg,0.16933941192301055
UgwgnWNvB-tknhQODod4AaABAg,0.13089189682484947
UgwguSnxJZprX1huJkN4AaABAg,0.1303136764530562
Ugwh9qJTsqbO0RybbPN4AaABAg,0.04185566782047223
UgwhEPGOIBN7HOEtloJ4AaABAg,0.16966190407778198
UgwhIX4WGxw5cSn_vXN4AaABAg,0.002744387861057366
UgwhNdY9bsB_z4PTd994AaABAg,0.06395129905557646
UgwhPUIiuF4TEjXkJB94AaABAg,0.10646305297259151
UgwhUaOlLu_apZsE1Q94AaABAg,0.12209301858682411
UgwhhEKqyymPiAh1Xix4AaABAg,0.1255459720374903
UgwhiuzN6txRRQXMC054AaABAg,0.15439191540482056
UgwhmfJBz6h_4BShh-l4AaABAg,0.13686050465999033
UgwhwC6zgFRcg-IlDQh4AaABAg,0.10535068208385014
Ugwi8GwP_hWAct_RAg54AaABAg,0.010280834010995835
UgwiAgZN2WPb68rcret4AaABAg,0.13692923558310388
UgwiF3nXSd2l6BYKV1R4AaABAg,0.16476255253947808
UgwiNE0Hh3nElnkOWVx4AaABAg,0.0430108001145776
UgwidkC7xVxxv5itx9N4AaABAg,0.12429718186159089
UgwiyNEH4VJzVIlCXHR4AaABAg,0.15596531456782303
UgwjIs3mGUFb8sLapZ94AaABAg,0.09209529361568264
UgwjM5EyAsC__sjri6h4AaABAg,0.13193014569863937
UgwjMiMrPmzdUKU2ssN4AaABAg,0.16104424069178142
UgwjZvmZ6ckETxFlr3J4AaABAg,0.1555499696693527
Ugwj_GWtQru14FR2pHp4AaABAg,0.14544613813843027
UgwjpQZ0Hjs2miubRPZ4AaABAg,0.17764168092035965
Ugwjqh52_wwGZV1Fxr54AaABAg,0.139281933357343
Ugwjsq9OOlLI-cTdnfJ4AaABAg,0.14826545303550498
UgwjuFg-dL-zhEsZFyB4AaABAg,0.047559386730094425
Ugwjv49cb5ZWkcOw8wx4AaABAg,0.059369453246549075
Ugwk8KUnXxHA-m85Bc94AaABAg,0.11665697875490211
UgwkC9CUHxTxz5dItHp4AaABAg,0.01918641378130194
UgwkPII4PS_eJY2oi6N4AaABAg,0.16918060096316156
UgwkYAtiZVoCV_QG7M14AaABAg,0.07580358837522533
UgwkcHgJDIR5Ekg3E6N4AaABAg,0.14540301139771683
Ugwkk1yYShvuHLRmy214AaABAg,0.1585441121807552
UgwkubcLxpUrZpZ75zF4AaABAg,0.026701542801449322
Ugwl7SlBvDZBTN4UcGx4AaABAg,0.16825096632438125
Ugwl8sHaygbIP4XNCTZ4AaABAg,0.1581513473209007
UgwlAi1VaKAcMUa6tlh4AaABAg,0.056195730030439664
UgwlHEUGh-NKPRTSSkp4AaABAg,0.0894983270588699
UgwlL8GtcO3GBonjpUR4AaABAg,0.051139518668189665
UgwlWC2uKShle3Bm8qh4AaABAg,0.1476669852930912
UgwlkYhAOSYNEDfNHy54AaABAg,0.12323267908021324
Ugwlq26YGZDUWqs8xCB4AaABAg,0.11672451597197166
Ugwm2HQlZ3Ti28rpp-R4AaABAg,0.04378348900360031
Ugwm6LL3tS9m_EA6cd14AaABAg,0.09403759332628658
UgwmBgH4a4ZoNK98xTl4AaABAg,0.056943806829640176
UgwmGLH8KB__TKMsOXJ4AaABAg,0.15033571048768707
UgwmI2W0f38nWoKSwoB4AaABAg,0.13072983402502858
UgwmKUf2ILMLD1g6vuJ4AaABAg,0.046539988478051644
UgwmQM34EcK8IqlOikx4AaABAg,0.1585539325546811
UgwmS7Fl0EqBzuRXtkJ4AaABAg,0.15721410751118836
Ugwmb5GBlTh5MoGqQBN4AaABAg,0.06927386764112516
Ugwmm4iL4K2mjHX_7JB4AaABAg,0.048120116840724106
Ugwn5wRbB0YnNxFMsXV4AaABAg,0.11623164896740756
UgwnESdAVTZoUTkaCK14AaABAg,0.06835356915562708
UgwnHRjqJqrGG-XU-_p4AaABAg,0.0698809767929064
UgwnMhUs4ScQnj2uQYB4AaABAg,0.048509341808150364
UgwnegKtjlQUbmeMD214AaABAg,0.014069965494279387
Ugwnn_c13fJXQHGr9Mp4AaABAg,0.007413853451910562
Ugwntjq1S5vrN5jFgNJ4AaABAg,0.15028217998868998
UgwnvF86fqAJbvF9E4l4AaABAg,0.07026030592004967
UgwnyuoKXct14Dvo9xl4AaABAg,0.058940414535096367
UgwoRteKNy3aa4pZfqt4AaABAg,0.16123051621392587
UgwoXrlxQeg9xUkX8Hl4AaABAg,0.15982343276795052
UgwoeMiR5HQ_QVeZoIp4AaABAg,0.04865500164444703
UgwoqKWnGv2VUDNhDr54AaABAg,0.1407830113500187
UgwoscdYuiUvpX4N0jV4AaABAg,0.10428857409739828
Ugwp3OG4DifCrk-vkdF4AaABAg,0.13847724030867387
Ugwp4cwJkPZCC0VyTmh4AaABAg,0.028227265471810137
Ugwp5DcE-QqkJTem1yh4AaABAg,0.06940699257259048
Ugwp7_a2EA1wk8IUbVV4AaABAg,0.1034689937139045
UgwpJTwX6a2GEOiH7yt4AaABAg,0.1228767356698327
UgwpP0D7xHleqOtc4wd4AaABAg,0.1696826088919371
Ugwp_UMhgVJYQ8klvvF4AaABAg,0.0914429981083268
UgwpbDaCFZY4bABgrTp4AaABAg,0.09635543381693262
UgwqGmpjgts34SR0BWB4AaABAg,0.14715188574583143
UgwqHO6mIulj6Ty6DdN4AaABAg,0.14823303041799918
UgwqgFX1V8RAAZASfFp4AaABAg,0.11417145694493264
UgwqlAVEhYy9HdEmmvV4AaABAg,0.02335406867732383
UgwqpQa_3wxf5DicDHx4AaABAg,0.14901023417029774
UgwqzFPEmU7YEPju1K94AaABAg,0.019916988667726145
UgwrGXD7UtrKmvtfR2N4AaABAg,0.1411143918600622
UgwrHgRutWvzzPG4IY54AaABAg,0.1415681512671686
UgwrKDXjO-770-iTXRV4AaABAg,0.10698196297462947
UgwrTCaRd4_uNWpmqH54AaABAg,0.12247857588953122
UgwrtVvqtdvhIWzuOJ94AaABAg,0.17347742700446972
Ugws4a-FRMwBLVFuCyZ4AaABAg,0.11936458663420174
UgwsBNZ7qgJ1AnNPoK94AaABAg,0.12724873173565437
UgwsDkbc2sY_2_0aTO94AaABAg,0.13513604536896262
UgwsMxT6q1_H9TPezdp4AaABAg,0.06121391569881264
UgwsSHVoRuvKFE_B5zJ4AaABAg,0.06360706141612361
UgwssQmNBSXHVBrL2rl4AaABAg,0.12276968193168242
Ugwt5BvVub6sZbVhGlZ4AaABAg,0.09809721224282991
UgwtAJpDdnl_bDsxyPx4AaABAg,0.04939889340994197
UgwtL8EXxs9BgS5KC5l4AaABAg,0.07691854771102342
UgwtLSjleyCH_lPRiVd4AaABAg,0.12588815036005668
UgwtOMJkksk8VuLhOxB4AaABAg,0.11033020032623797
Ugwt_KL5JBcexwlb9eZ4AaABAg,0.144306521363274
Ugwt_gkYXiMFPkgu5Mp4AaABAg,0.16461201212974486
Ugwtbd4IDxsTo4ISrXF4AaABAg,0.029639635782266877
UgwteBmXfk3Uv2pknkd4AaABAg,0.015374805526078106
Ugwu-_9SV-89Aszz_Gt4AaABAg,0.16121027363369111
Ugwu6M_1hjMC4Pe32Id4AaABAg,0.1527132359877637
Ugwu9kjEVXvxdWbKWst4AaABAg,0.17185881661770397
UgwuB6D3ag-bXqv2Ejp4AaABAg,0.14081767880577245
UgwuCOIbeBjmTW4Z-U14AaABAg,0.16509552208612682
UgwuCRb-rWqNAgP6uPN4AaABAg,0.1484267071910274
UgwuDBVZJQ-tPvb_mVR4AaABAg,0.08200669936100102
UgwuG8ea-RiR3-Nw1ld4AaABAg,0.10492013952232188
Ugwu_yzTzio3uy-jAMh4AaABAg,0.04216083305755927
UgwuiIKsIIjODrWAqkR4AaABAg,0.13549784675312898
UgwumkCvlGcGXww5Dd94AaABAg,0.08351688014723564
Ugwustp7_XsdPv0W3Md4AaABAg,0.1404560898542822
UgwuvV0VC74r710fUux4AaABAg,0.023536454681669677
UgwuxTHPxzbps2irCI14AaABAg,0.003092211072691202
Ugwv2X8JlXvO6OJJID94AaABAg,0.17393937384323316
Ugwv4oDTk8_gp_mRRt54AaABAg,0.10277079345837686
Ugwv7mA6nzjT1qsFiMp4AaABAg,0.041759912913539865
UgwvCiydkqq_wz82MBF4AaABAg,0.022259618899175593
UgwvKKi90MNSLpNwnUh4AaABAg,0.14148067888675958
UgwvT6oE86sBKReUqXV4AaABAg,0.17291858149994543
UgwvUKJV6XL0u-YM2qV4AaABAg,0.15199250559610916
UgwvZrkfREBn_f2ZbdR4AaABAg,0.15233935313893726
UgwvaHiI17YM-MSYccN4AaABAg,0.10877773719184337
Ugwvf7JPF83CI25l6b54AaABAg,0.16985123407072572
UgwvqeZW2M1GzlocCzZ4AaABAg,0.12428811267231082
Ugwvw9pWMTBG38Nm_BJ4AaABAg,0.14993676415727414
Ugww0TspQwVSKAaDUvJ4AaABAg,0.042912845265296345
Ugww4Eubk69KmZtaZyB4AaABAg,0.04559734923711528
UgwwExKXj7F7tLn_r394AaABAg,0.0702585716111623
Ugwwh9SjW-6R_XIl7zd4AaABAg,0.14637617685746435
Ugwwi5P94yH2a8a8LbF4AaABAg,0.03034023369997413
UgwxSLKmui9lXZPvNhB4AaABAg,0.16248399409244874
UgwxVtCp1h3cpztaKG14AaABAg,0.04165105309474107
UgwxqqocslqmGsF7_GJ4AaABAg,0.14172133100338735
UgwxwOfnKb0QZ1ne0sp4AaABAg,0.07278846289950103
UgwxwjFdAYLmH442ejF4AaABAg,0.175804730847395
Ugwy1Ui6TOPe4bN6L0h4AaABAg,0.1583574501149816
Ugwy6HG0YT3OaHnmhBF4AaABAg,0.0013020296446807627
Ugwy9dCrbDJq7TpAxgl4AaABAg,0.16576267512534548
UgwyRD1rSPz6nWoQXUR4AaABAg,0.007544607134544225
UgwyX7eTwiyctkOp2xN4AaABAg,0.161334915443
UgwyZiHfaWXv9usKxkF4AaABAg,0.12986800239965152
UgwyiPGM5uHVoxnu6r14AaABAg,0.04747200226448217
UgwymYLaGrxawxn2LIp4AaABAg,0.021647752242854174
UgwyrcNW0HHZyuSPhph4AaABAg,0.17096266308572602
UgwyzZw422anKyzsr5B4AaABAg,0.09815453319750506
Ugwz3ZfmhDqpmb9sBxV4AaABAg,0.029604035187887567
UgwzIYsaOq8F-9cMuoF4AaABAg,0.17046867623135192
UgwzJnDxaVRvM5WnlPN4AaABAg,0.15353684899126724
UgwzXo0pypRgieunjkp4AaABAg,0.05880513548373981
Ugwzbb2FImG5A2nNQn94AaABAg,0.1286174595191213
UgwzfoNuxRLPB2OWAAp4AaABAg,0.04234557405328887
UgwzzPzXtyFX6MFaWqx4AaABAg,0.10594430139468441
Ugx-2v1VCV89TOENxaV4AaABAg,0.13685114678844273
Ugx-KovYR7tq4z06csV4AaABAg,0.16517902533534295
Ugx-SjkOCaeRO5T11DB4AaABAg,0.09300547014360278
Ugx-TN7nTzDYQhOnC9t4AaABAg,0.13904141340669818
Ugx-Ul4tGhYCyVJHawR4AaABAg,0.1669694165247962
Ugx-VmEkWh1e4UCe35R4AaABAg,0.053270496843955975
Ugx-cI9eY17OzLH3KXp4AaABAg,0.1526968656712489
Ugx-eeEQWJoDe7rINSt4AaABAg,0.1443789374478191
Ugx-kTrDgVO5KVTaXFh4AaABAg,0.13597281041798776
Ugx-or7tI2i_HoxaLdB4AaABAg,0.02426546535051093
Ugx-tQ7rFxAnt4lnznZ4AaABAg,0.08464978679359388
Ugx-xediA3EfSLZrai94AaABAg,0.07901914476260113
Ugx-zEQpo26Dq0PZiXl4AaABAg,0.1571588921463945
Ugx04gWFC82iNEqJgrR4AaABAg,0.11940071744657904
Ugx07_VX-cNcfqkG94p4AaABAg,0.048377873558469175
Ugx0EW9nzQuBuoHG85F4AaABAg,0.16009131473284272
Ugx0OBXYOHHSvOTWVMh4AaABAg,0.011975419263996704
Ugx0P2VOMLHOl6WMVj94AaABAg,0.16300273449112318
Ugx0RwNBIXWDBcyV6Gl4AaABAg,0.09876002719319793
Ugx0UT4xavpZWcKaHtV4AaABAg,0.14299583257412624
Ugx0ZpOqGLyD8eE0kJJ4AaABAg,0.060058885786650154
Ugx0hFoRa3iCVSJPGPJ4AaABAg,0.1471795740262717
Ugx0maWLhWgJucRYCgV4AaABAg,0.12299066891166005
Ugx0yIJtX8K9ubkMjcB4AaABAg,0.1491946880536804
Ugx10ty0a-HRHjf8XVZ4AaABAg,0.04716651455202142
Ugx13unS20gYqI35n4V4AaABAg,0.14317255610749613
Ugx1Kbky-xBDwXhRufh4AaABAg,0.06821413695227113
Ugx1YRzG8ZhQd6QCDRh4AaABAg,0.16847453024707854
Ugx1jyEnEdLFxtrqHoh4AaABAg,0.16371611801011193
Ugx1k3oEB-fcSpH2iXN4AaABAg,0.08304419682084575
Ugx1uCKjlDMsjlZSvOx4AaABAg,0.1525976763599638
Ugx1wgy3AjDmTAo3b4x4AaABAg,0.0423604938375951
Ugx285ZCgVVI7IWr2x94AaABAg,0.06575461250486037
Ugx2E03eVV0qx9qY7NR4AaABAg,0.08565071455890994
Ugx2Jgz-NSwGYb-3cIF4AaABAg,0.13128397325389907
Ugx2b8Ccqk0bIucpKj54AaABAg,0.117736808194512
Ugx2j2LyeNw0CW7fe7Z4AaABAg,0.011885580945108182
Ugx2mekv9JMQRZIjPNd4AaABAg,0.03224272012819897
Ugx2qwOD7FPsnDal-zZ4AaABAg,0.06814669934534276
Ugx2tLn6xgb-2w05Frl4AaABAg,0.09646612250484315
Ugx2yz_R6QqHkKnN6X94AaABAg,0.1612882017391144
Ugx36DDbrC-Wlx7BnId4AaABAg,0.03350572848804809
Ugx3BX3Kgbw5M9fQZiN4AaABAg,0.0052612947643482
Ugx3DVbaGPQ1sJYO86N4AaABAg,0.11013959604424678
Ugx3F4V_0Z7GMl1TU8N4AaABAg,0.009263546294697247
Ugx3OtQKjXDtFLG3Zap4AaABAg,0.04688807287677341
Ugx3XN0Ty9KgX6FhbbN4AaABAg,0.16741834750401524
Ugx3XmdpLccjRCILICd4AaABAg,0.1382200641926779
Ugx3bex7I5p-5bRhelV4AaABAg,0.14926152545042465
Ugx3hkJOw6iUYN-2yFx4AaABAg,0.1005462909072366
Ugx3jlmBAJdze3gL9qx4AaABAg,0.11575595464485755
Ugx3nPJZQbXeDAa1o3p4AaABAg,0.13710988920751982
Ugx3sjxKdvon8dLYVXp4AaABAg,0.0382322482811341
Ugx3tOQN7-ujQIQDR694AaABAg,0.1497332552310121
Ugx3tOY736U0u1htosh4AaABAg,0.16227800999432068
Ugx3tkY5e58Wke4h9Jl4AaABAg,0.16057101129619122
Ugx3vx8czeJNzkix4Zp4AaABAg,0.13148545173159748
Ugx4RugRN80tWvyzzj14AaABAg,0.12708383745722324
Ugx4TryOJbJsc0ZzuZ94AaABAg,0.045109509459323474
Ugx4XSYiRbL6SdjuWph4AaABAg,0.02990565255927355
Ugx4Z8I0EybJn0FHYCp4AaABAg,0.1260679949446432
Ugx4m9iA4bbK9FjG1tp4AaABAg,0.04926781410953057
Ugx4oi3AaMJOvH9v8pF4AaABAg,0.16308581875565187
Ugx4xTqJQ4KvNhuHJSd4AaABAg,0.14477293371353772
Ugx56J7f0JG3D4rkdYV4AaABAg,0.103568131804419
Ugx5AMbEuxHuEKzFTsJ4AaABAg,0.053370031722690225
Ugx5AV63s-EW83fHVON4AaABAg,0.15956210443710672
Ugx5PZMDBfA2JBOcIAZ4AaABAg,0.15378397402042127
Ugx6-TkStElqZkO-5694AaABAg,0.053251331792331505
Ugx62f0sKrmPfzssqDh4AaABAg,0.03077215005153178
Ugx63U4p2DwN4387ZLJ4AaABAg,0.1824777925288859
Ugx65hK1Zv-kSp_fG2l4AaABAg,0.16376321918468767
Ugx65jBK84Rf8FeTys14AaABAg,0.06895147409362112
Ugx6RpnJ2DXAQdD-eeR4AaABAg,0.15788105254217039
Ugx6SbI6en6PrhwCmdl4AaABAg,0.1538716070576605
Ugx6Xk_8odO6M9usoKJ4AaABAg,0.07803781581207281
Ugx6gNxLY1SwcLNj6Jt4AaABAg,0.041814900029902305
Ugx71uLqNqI7kSC8F4R4AaABAg,0.11876465062462804
Ugx7CJ-cq1rhmh3SS7R4AaABAg,0.13023661932010883
Ugx7DlIXqc6Kvh3oZTp4AaABAg,0.04035953979770049
Ugx7FoI3rCnHREHVvaZ4AaABAg,0.03309603580518283
Ugx7Vr3XL3Wgva1mwzl4AaABAg,0.14205919700664327
Ugx7WQ2vewVNSgAXaE94AaABAg,0.08419715041873688
Ugx7_JEOA-tyum6aZ9h4AaABAg,0.014719829493963155
Ugx7_oUHFzelFhyIAyV4AaABAg,0.034572789388548034
Ugx7gn4wxZ_KkDrALH14AaABAg,0.1438319869208507
Ugx7xRILxcVGq4b3OM94AaABAg,0.07810638523876412
Ugx7yYq2ybT-eJVER694AaABAg,0.08570163452305218
Ugx85LJ0reuvxDL-m494AaABAg,0.05312562440700319
Ugx88q-YAzhg8FCVBHF4AaABAg,0.161700146363625
Ugx8BYNZ9DFQ43XXePF4AaABAg,0.10991050387258638
Ugx8Keo4c3oHym4kG8V4AaABAg,0.1760976684224117
Ugx8ic_srTmWyjjOJ894AaABAg,0.10265563668533156
Ugx8wKfgLGfV3inWmo14AaABAg,0.12760297920289215
Ugx8zfAv4ftzQlQ9f394AaABAg,0.17539706501664254
Ugx9AxHhMWWu9m_MeQd4AaABAg,0.10981352992148452
Ugx9Q3tOTQMmYB-7Dht4AaABAg,0.17384263977462205
Ugx9_t6i9Dc110cUPM14AaABAg,0.13970813832019885
Ugx9_xYbus5gM3V2PO54AaABAg,0.03264344859630226
Ugx9aYUCNdDP2FQUQBF4AaABAg,0.017734402266019494
Ugx9jiFR-u_76h3X_hR4AaABAg,0.10582671775662107
UgxA7dmYAkEi3KHS6qJ4AaABAg,0.034996472956099325
UgxABjVsOl1h8JOtFG54AaABAg,0.17773366725737444
UgxAuqS0gF3y4H21iaR4AaABAg,0.1562538778397094
UgxAvJrMczC5Lpuy8uF4AaABAg,0.15387284717988342
UgxAxg8_dgphCmnYsQh4AaABAg,0.06293423222495893
UgxB8Id9AJCZKwdXXBR4AaABAg,0.033706441462797526
UgxBB0ipZTGTgMiRpf54AaABAg,0.1321183185062454
UgxBOvELKaLd7XdsQ5N4AaABAg,0.12846056167210446
UgxBWjPLZE98ljbZjVl4AaABAg,0.035884091948588215
UgxBfT6pC_XR2kl-OCB4AaABAg,0.1381827821656399
UgxBqS2mwOBFMxSGOMp4AaABAg,0.01916357187325757
UgxBuxBLYPOVxZqm4il4AaABAg,0.15350589668779407
UgxC4MWNl3CI12O1Ngx4AaABAg,0.1324602644440403
UgxC6Hetvk46NsDU7Y14AaABAg,0.1697730292729867
UgxCFHe78G8-Hrvf0ol4AaABAg,0.08743697639786109
UgxCSyg7dhExAPlBcAh4AaABAg,0.05551884519652506
UgxCYgGvRhcFZ2VKmYR4AaABAg,0.0590401460525006
UgxC_Re3NgUv0wBzUGt4AaABAg,0.14504210429298292
UgxCde5Cle1gl38tgyx4AaABAg,0.14569390317715408
UgxCgqYzeFlp9wmIl3x4AaABAg,0.006910097887685201
UgxCh4rd-uudVVtMOZp4AaABAg,0.1696693470349811
UgxCuFo_XFGx8Bia83p4AaABAg,0.15698554314079766
UgxCzYsM64ZR9q6EFHN4AaABAg,0.05429436609117888
UgxD-rhe_FCmC4tnol54AaABAg,0.10261754111124005
UgxD3VCrb98vRfINcO14AaABAg,0.1620708642355762
UgxDaa8xOZwL3RJCfEd4AaABAg,0.057358089985153626
UgxDfYELOFk4YFJy5Ht4AaABAg,0.13973153225838797
UgxDhavkiJlNZenuO7F4AaABAg,0.03168408164256026
UgxDlDFIc0LY-XqQ68t4AaABAg,0.056322450534582416
UgxDstrsoNwNuky3u9B4AaABAg,0.03614744425988099
UgxDv55EyhpUevmMrrB4AaABAg,0.06731820281388996
UgxE02oIzykEtFpw0f14AaABAg,0.16107207958244013
UgxEbQx76Vq46X8zVXF4AaABAg,0.1309428111274386
UgxEl6lR86-zTizEJFV4AaABAg,0.02079704005588876
UgxEnzfWrefuc3z1fX14AaABAg,0.045847463133617
UgxEvOjIoouqmoBAnkF4AaABAg,0.144695287082523
UgxExJbm0s3LI5jgJvZ4AaABAg,0.08802089157263931
UgxF3dAWrfzLnkT9zOx4AaABAg,0.009557753961997543
UgxF5INbHx_F_9TkR4N4AaABAg,0.10415875297079014
UgxF7PG_QkaCkbE_eTt4AaABAg,0.10662552748325205
UgxFDIb_xMjUMzPPQPR4AaABAg,0.09379515281755486
UgxFPe65MqUzHhXDk5h4AaABAg,0.1076810509707154
UgxFYpGxXDr0xStC5KB4AaABAg,0.13516155652881756
UgxF_BdV5ehawz4dlbN4AaABAg,0.14618573208562213
UgxFkhCcBdAaQbZLr2Z4AaABAg,0.13767605904851454
UgxG-wvi92jsCpG-x0J4AaABAg,0.15769328936585741
UgxG3RG7vL813f4FZ1F4AaABAg,0.016475443385461867
UgxG3gAaWZXVdT9Qu2F4AaABAg,0.13705604479237488
UgxGAh63mBPOOxIkiSl4AaABAg,0.13539017605047926
UgxGIx4RuUhoTcF7S6V4AaABAg,0.1469019765130486
UgxGP2v_R7ZFWHfyw_R4AaABAg,0.15153450275121016
UgxGe3KtuIpPWcTPc9J4AaABAg,0.18039515945698886
UgxGnTb757P3mULK-mp4AaABAg,0.04231158290203749
UgxGvpNnFjXbRPF75iF4AaABAg,0.1571812912960956
UgxGy08jSnTv0JBLIaN4AaABAg,0.1512925253540105
UgxH3moeSa2dGIiIbYJ4AaABAg,0.029361887789026056
UgxHQ6viCQ0q8O76r0F4AaABAg,0.10889956954140528
UgxHZJkxfXpxfnj-QjN4AaABAg,0.16757237218390847
UgxHd-j-cN5xt6j4u0V4AaABAg,0.11683474573651692
UgxHjAM4kiYxY2COJQl4AaABAg,0.14270787615422403
UgxI3wA1cvCr8QKdCT14AaABAg,0.12189657779959734
UgxI7EBgTc63-XrsgmF4AaABAg,0.042975464034603575
UgxI83BE4uEOI0v6Swp4AaABAg,0.12180005640427394
UgxIIZXO6ZV36_KF7854AaABAg,0.020704910864019464
UgxINDpyoQoEoYiJY8N4AaABAg,0.167542924388566
UgxIQo6HDpga5YfUL2l4AaABAg,0.07813293460609184
UgxIRpLn1whlZzsd-0R4AaABAg,0.02850467610444614
UgxI_3HkPjX8tE96AEB4AaABAg,0.13564234127089747
UgxIci2M99PzXlv4Fsx4AaABAg,0.14536890318860762
UgxIji8YKSJkOY76hpt4AaABAg,0.130609642772487
UgxItAXI_hvQUjXQVIV4AaABAg,0.1024741866328448
UgxIzoN7Zf6wlpYWaSl4AaABAg,0.12116346977868586
UgxJ-JhIiLgbJtw6ZrZ4AaABAg,0.16531255581339133
UgxJKvzeF79Dg4LZd2l4AaABAg,0.13819642254530196
UgxJLoKiBlHyIQJS1i94AaABAg,0.1511419275397598
UgxJbTECoR7vc7iPK6x4AaABAg,0.14456061032912443
UgxJjCh9q11y4FV4_014AaABAg,0.09442580690317076
UgxJnVcPHh2db3eon9x4AaABAg,0.16658015182943176
UgxJt6cWFQf9W_nPjZh4AaABAg,0.033749807384926805
UgxK4OsZqdQWrjIZGRJ4AaABAg,0.08444455402558489
UgxKHPVx_AThNCgmXKJ4AaABAg,0.13980353229712478
UgxKTQkX-QqtkUkPRTh4AaABAg,0.14359841785518102
UgxKbq6Pe3XWq-teuBN4AaABAg,0.1670531492221493
UgxKjKXRDzkVDI3NL9B4AaABAg,0.13161336119570277
UgxKte7syifRgq5Mt6h4AaABAg,0.10059373874367121
UgxL30sTeZ3ekj59h1Z4AaABAg,0.1587770748348396
UgxL4761jjxHo9NG7fx4AaABAg,0.053186390745747214
UgxL6v8joEi_hMWGn1V4AaABAg,0.15214341527044994
UgxLR77cBVUlgH6lA094AaABAg,0.046511740082428824
UgxLi09do3TFENmrtgF4AaABAg,0.13168973071217166
UgxLk690mJsST4CZICN4AaABAg,0.041268145999884986
UgxM0cmTNL0hYXPHxNl4AaABAg,0.13605383214822997
UgxM0kvbgjO8i7wC_IV4AaABAg,0.12926475337232501
UgxM21nMXSBC1tT0fhp4AaABAg,0.05660296014760752
UgxM2LPXYawDmKH8Rp94AaABAg,0.14896846395233437
UgxM72XL7ntX647Gqf14AaABAg,0.06526642013646683
UgxMLXI1vjLCEHTuWvp4AaABAg,0.12710429118701488
UgxMQQvXsJSah6dA3AZ4AaABAg,0.06576260707344328
UgxMUwEX-xtF9Ua2Yjp4AaABAg,0.035971014809430435
UgxMYNn1PANm6FUUjbd4AaABAg,0.16872239063027733
UgxMd0GC1jq9yaK4cZB4AaABAg,0.15040835960333376
UgxMgoQLlFbjFiSS2mp4AaABAg,0.1421080912435418
UgxMmOWX8kEr5Qo3-Rd4AaABAg,0.15527687525699402
UgxMt7DImVdgwQHUzmt4AaABAg,0.09442921146850991
UgxN-AHHHMqS7fVdl4x4AaABAg,0.16414137290969177
UgxN3YthpMCxxV6OIyR4AaABAg,0.1574368902322601
UgxN9eFWvcEitYRKbj94AaABAg,0.1318196328089714
UgxNH0T0f7XLWWPIzJR4AaABAg,0.1725389499756101
UgxNeH4S9mzOwVcTDyh4AaABAg,0.15930315808004336
UgxNk3W3uOnu4Gm3bIR4AaABAg,0.0637594103127931
UgxNkMrdBBrfvjclJDB4AaABAg,0.1480077948159662
UgxNxovXggAz2JItc7R4AaABAg,0.12136889896121696
UgxOLyJ-gS07X8y_v554AaABAg,0.12142196497980576
UgxOOg_dUUVq9YERaLR4AaABAg,0.1722399079687425
UgxOVUMEOGdN6SOoTR94AaABAg,0.08809373812064647
UgxOY7YweJe79NF0jUV4AaABAg,0.09911714877660016
UgxOa_63JGPsvafKpPl4AaABAg,0.15524501999342677
UgxOc37N2YMmDXg3Z9h4AaABAg,0.12731341124235113
UgxOckgZsC_fAZCZ9Sd4AaABAg,0.09527760126047746
UgxOhBwJesSoqqcOar14AaABAg,0.11190704110749962
UgxOhpX1FTm9JalAKb14AaABAg,0.15788919395027207
UgxOrsSRzqjJ2g5Zzm54AaABAg,0.08721717732321849
UgxOtnl8lBQt2hjjxKN4AaABAg,0.13386377161324436
UgxOw5ExNJszKm6llTx4AaABAg,0.04019843080570362
UgxOz6lUVoRNVakjNtx4AaABAg,0.16144065135092617
UgxP1H3p3XvDcGZB3yJ4AaABAg,0.11248380660453872
UgxPHewL0QaTsD6d8-d4AaABAg,0.11494721996299419
UgxPUiLhvna8lQaou6t4AaABAg,0.014060666314710438
UgxPhDV-L2tVe3W0isp4AaABAg,0.12000100795868357
UgxPjPaqVpr5Bn8ic9F4AaABAg,0.1279765938630118
UgxPjYC5L594qp8eQ254AaABAg,0.04169396363834206
UgxPodE9GmQ87ggsSTh4AaABAg,0.14539270702162127
UgxQBU_4C7mRrDQyVnR4AaABAg,0.16805307222504173
UgxQZK8mmJMh-BXWBd14AaABAg,0.039149215307567056
UgxQlpANzG0YutPbMoB4AaABAg,0.15262863375390867
UgxR2O16DlHIyuJQebx4AaABAg,0.13532930950170252
UgxR7iyRbpBR5s9hdZR4AaABAg,0.07547465097667663
UgxRMFtLenhnYK3LiQV4AaABAg,0.15445829108910908
UgxRNCJeW7g8UuB-lVF4AaABAg,0.09462697072822314
UgxRV6OJXoaQSg3ISUh4AaABAg,0.11463965066461534
UgxRe57MEYFuAgd-nhV4AaABAg,0.13304433966967588
UgxRgEvuZIt4pU3ocEd4AaABAg,0.0856813731282054
UgxS0vr21JWi9nEegNx4AaABAg,0.16511953412806957
UgxSMfZiSdsWEarHWkd4AaABAg,0.01326053162400415
UgxSUdM-18qWSYfI27J4AaABAg,0.07473277703938508
UgxSfgnJ9QibkQDBAzV4AaABAg,0.046539988478051644
UgxSrQ23XX5ggJsZfFF4AaABAg,0.13753996627753262
UgxStQzLK3FqU0NYuWZ4AaABAg,0.022904774901359573
UgxSu5T5WIAxSf2VOCh4AaABAg,0.17689636485822036
UgxT4-muQPahDNJgQaF4AaABAg,0.13990993168774396
UgxT4AXc4wa7_fPVcvl4AaABAg,0.04387017227404308
UgxTOZCJxpFnzUiVdnd4AaABAg,0.09643006317944486
UgxTViC1R7Mb8RaoqN54AaABAg,0.026870431674529682
UgxTYrNCLs50On8jvHB4AaABAg,0.17169504156488907
UgxTdo9R4ftNiaOzUyh4AaABAg,0.08988804328959972
UgxTenwJ1jjVwtxqG8R4AaABAg,0.05267050822141568
UgxTgnJIkuqApYZVeQ94AaABAg,0.03373135774253749
UgxTnowycfoVt805r2d4AaABAg,0.11930722127157029
UgxTntikoMBu7q2pBKB4AaABAg,0.14029488562373205
UgxToONgZzkorgRkg3R4AaABAg,0.0357112464157469
UgxTs7u6VA21tP6b_C94AaABAg,0.05033761564773109
UgxUDQg2fJuovjmueTp4AaABAg,0.10035800020199936
UgxUIfzklKvYxi2rSyV4AaABAg,0.15741665391763277
UgxUS6Qx98W2NoNMBDh4AaABAg,0.14277075061343664
UgxUj-E5hgDnXNgC8MR4AaABAg,0.052391107262169945
UgxUkjmw4XlwcZ_m4Kx4AaABAg,0.17467065844661034
UgxV1mhuFwIJExT5uCx4AaABAg,0.016216463395779496
UgxV6PYwCVx87x6kfBF4AaABAg,0.08937626937156508
UgxVK4eTGYffHwtjZv54AaABAg,0.1358132944288326
UgxVMxJq08M2jPrnTh14AaABAg,0.11414137638333433
UgxVNMLPMDXwzIBca9B4AaABAg,0.14503222339257354
UgxVXxFaHycRj4EEx8l4AaABAg,0.13646195563124258
UgxV_dF7swNYgAgYiKR4AaABAg,0.1559830260193622
UgxVl1xezEjQqhJ1Ywp4AaABAg,0.175805762170129
UgxVm7d6LA7FcFx35vd4AaABAg,0.07987049114074243
UgxVtOllrxew8CN1Pah4AaABAg,0.1328161235249411
UgxVwGmdmAYZ4OaRAMF4AaABAg,0.03596556290462072
UgxVxiqlX8hO5joVbM14AaABAg,0.13847535855284965
UgxW5iHOQ3QcC1EVc954AaABAg,0.07465843122731164
UgxW6onUyeZUgZt1Qu14AaABAg,0.14029044375083083
UgxWDwfU7in04pdESZx4AaABAg,0.1641318087348323
UgxWFgJyMECjI8QLGCl4AaABAg,0.07091113642075521
UgxWFn3XQSdy_eXP5H54AaABAg,0.1387883034750042
UgxWKHcEfSDlFT18EoF4AaABAg,0.16501944877067443
UgxWP-Vd9gRxr7YwWl94AaABAg,0.14453969812848277
UgxWS-XQJa7Sw-QbwQ94AaABAg,0.13865829033812954
UgxWUokvQpoCMTbyQ7F4AaABAg,0.16044678210743846
UgxWXz3tnvbTwPQO5GR4AaABAg,0.16333559188993446
UgxWc4tP-Keog9Q9Y-B4AaABAg,0.05218573427333885
UgxWgR_JUPNrFlXK8dF4AaABAg,0.16014896908347453
UgxWhV1dSnbhl09DH_V4AaABAg,0.031738411198283537
UgxWjCNhqDIM10HNseF4AaABAg,0.16424378371772247
UgxWmqZ4_4LPGSaAJHJ4AaABAg,0.04863381250776358
UgxWoUJBl4f22af9Oop4AaABAg,0.1713592602620984
UgxWsPOMgVAxBebmFDZ4AaABAg,0.04554486220121802
UgxXCnSUYciQ9V4xc0x4AaABAg,0.16160835315718908
UgxXP7YR1MV3qaGpXqt4AaABAg,0.007524398865953231
UgxXVL3qDypyPUIVAH54AaABAg,0.07305604391840681
UgxXXy0u3M_EKEU35mR4AaABAg,0.1375222867261961
UgxXb5zl6nNfaZbIaul4AaABAg,0.1718927486632965
UgxXbK11dNbWXxEn3ZZ4AaABAg,0.08099944407156573
UgxXliVJJLQpuhlPnWZ4AaABAg,0.10186320754464379
UgxXvH8to1yWx820_st4AaABAg,0.08432955733328697
UgxXzeJEx0yWGsz7dXN4AaABAg,0.012539800774958983
UgxY2wh9vBUpaPw-upt4AaABAg,0.045696886887989355
UgxY7Q3wAZDfHew-bM14AaABAg,0.013226250308149098
UgxYBudvZy5kgH3tglR4AaABAg,0.1739171552297758
UgxYCdfklS1Y47BUl7V4AaABAg,0.12952611527178087
UgxYV-0gjHXt30YHV1d4AaABAg,0.1337355802120368
UgxYYSJmRdsqiuSeqdZ4AaABAg,0.13691222513447632
UgxYlOMexRAot-nAbp14AaABAg,0.04789124662754568
UgxYp3uy3gFMcMTB3DB4AaABAg,0.010897833412918844
UgxYtwwSIr5sbxG7RLh4AaABAg,0.1595361119567612
UgxZ6bQd09N-egAgkM94AaABAg,0.027162843970797174
UgxZ6iEhkDHovcQNagN4AaABAg,0.14593510779938312
UgxZ81lJadlqq77hsWJ4AaABAg,0.10651506060873467
UgxZCM4p6PQgGdKmKiZ4AaABAg,0.07828225489894974
UgxZTEsnfrNX3_JEVot4AaABAg,0.09521734282261791
UgxZTf-WPXFgMgulFm94AaABAg,0.11380025717138903
UgxZUeEkZQadnVxU0mp4AaABAg,0.1538459368962788
UgxZYnGi7ySTdCdcM8l4AaABAg,0.08840819983221988
UgxZZVMtY7LJ6zdd7lF4AaABAg,0.09883589919475849
UgxZg5WRc4A1SmXDD8t4AaABAg,0.15172765572184355
UgxZhffpJxEfi8bfrA54AaABAg,0.132201553174631
UgxZhyXC7hz_zm-UE7F4AaABAg,0.11138219795309086
UgxZpkPwRCfBv1Oo3zJ4AaABAg,0.042987572631978055
UgxZstZoUj0iXaLGgRB4AaABAg,0.16652785888610994
UgxZwpUJO3v0XJIz6QR4AaABAg,0.12748166149477125
UgxZyfwr1czrBATQCTt4AaABAg,0.06175387626955409
Ugx_BzSW4vdHWiaio0l4AaABAg,0.05201654428166071
Ugx_JkkiC1P7gK2W2hl4AaABAg,0.17076287006756785
Ugx_K0KLbP2b9TqI7jp4AaABAg,0.06868813237547923
Ugx_NXRXeS7s0gr2Px94AaABAg,0.15565931579908393
Ugx_SymjxR3GwBK7YdB4AaABAg,0.13593073304185233
Ugx_YOkT5J46RXU1Kn14AaABAg,0.11108523360635049
Ugx_dUFKeMjKwR2aPCN4AaABAg,0.12673807262707504
Ugxa5IzUREwS7l2403B4AaABAg,0.022741839323165272
UgxaExxBoELW4US-mxt4AaABAg,0.04354668840707518
UgxaXsTYUlXfhR2OJ8l4AaABAg,0.14566058256863884
Ugxam-sCEzMg3SjpT7J4AaABAg,0.06048795907591921
UgxamsRB_EJsUpUSvRR4AaABAg,0.0768880807220514
Ugxb1r7LbZJUa5aRYHl4AaABAg,0.023249322456049132
Ugxb4EBx8n5g64nm2_14AaABAg,0.14342949708983632
Ugxb63gRs90fmZ2QRZd4AaABAg,0.16533045339287988
UgxbAoQ2aWDV0rsn_Mt4AaABAg,0.14514098509106915
UgxbFdEfYYw-PkMlKgh4AaABAg,0.014189979868562564
UgxbKUCqPIqp4oRVO1p4AaABAg,0.13421714025136888
UgxbVeTzkLC0YYgqWF94AaABAg,0.05198890465948437
UgxbXDl1y2G0wcv1qeV4AaABAg,0.03781617655116107
Ugxbr9sKXo4WEk5vJhR4AaABAg,0.022423671471383886
Ugxc12RncTMehSwFOcx4AaABAg,0.15847913707668054
UgxcCxOK0ISvtO3ZRid4AaABAg,0.15556313245111442
UgxcYsyIWPhjUBcwUqt4AaABAg,0.1633065239427785
UgxcifyO-vUYkxMwF4J4AaABAg,0.14248289108148599
UgxcmuFxYRklUfRmiSN4AaABAg,0.14505888526789296
Ugxcv7DwhcxdhKHXqbR4AaABAg,0.059066056153435034
Ugxd4aFDK69ZkDAyusp4AaABAg,0.15630440191995476
Ugxd7bfTJq94wawRg554AaABAg,0.03798624131775741
UgxdH-bzxm3lNWRlc3B4AaABAg,0.09785540104597124
UgxdMQUTKpjlPDUYzKJ4AaABAg,0.039327724976623804
UgxdalSYfzluepVCTWB4AaABAg,0.15374079252258183
Ugxe2D7fBYs6_Un9pMJ4AaABAg,0.1307534538591787
UgxeCPYdJxP-lERC0ZR4AaABAg,0.12926564499750548
UgxeKFPkZshvH0ptJg94AaABAg,0.13862321369804687
UgxeRYgcJtzes9ydybN4AaABAg,0.0820432503602519
UgxeTaP9Qkp0vAspuf54AaABAg,0.05598897492778959
UgxeZaIP_fD43wEVWOF4AaABAg,0.12460773378821854
UgxeeEo7Iku4MKbVg9h4AaABAg,0.03793861985513203
UgxeiSbaqjhvwadyP-N4AaABAg,0.13658080622996882
UgxeqrO9PhjSHZG-v6d4AaABAg,0.08961361339958301
UgxfHVI14TV4OcJWPox4AaABAg,0.04941495192706964
UgxfIXRDf3Jsu5Fr3qR4AaABAg,0.15665237131665188
UgxfKyzBJg_NxOOiRYh4AaABAg,0.0991137058774142
UgxfXNiuGsIpvJxB0B14AaABAg,0.050740351631750835
UgxfbB2ReJ0quapv2NN4AaABAg,0.06799042572501209
Ugxfgp3VU6K-QKZsLo94AaABAg,0.07954221292024323
UgxfkqMNI23_c7fowqR4AaABAg,0.13667213098031522
Ugxg9FySLKEUuU8pkAV4AaABAg,0.16391550651748432
UgxgbwFg4E1MRy8ySSx4AaABAg,0.1593346033448731
Ugxgiou5clY8UtfQ7eJ4AaABAg,0.06917036085155598
UgxgoaN48NhsWc4z5z94AaABAg,0.06409074839769174
UgxgwIgOm3kRtWatexZ4AaABAg,0.15510311074387662
UgxgxsXIJ0vKVtHV3TN4AaABAg,0.14854443208915813
Ugxh6L-gy_52fQVLFXt4AaABAg,0.05646533512616615
UgxhElZb_sZDuq5PoqF4AaABAg,0.05771211552020657
UgxhHtFTZIDmpOe0DqV4AaABAg,0.14493504533769458
UgxhfwsfIBs9L3HxTLF4AaABAg,0.1407198378748385
UgxhwvGW-sMf36BQpvt4AaABAg,0.046999473325163035
UgxiP4Xu5XoXaVAl4y54AaABAg,0.124283039393147
UgxiUmeTSfFizZUsh394AaABAg,0.07705839331160991
UgxihJeucZe97TL8yR94AaABAg,0.11811375220668924
Ugxii4ldAMsGrc-5Db54AaABAg,0.1440971974714707
Ugxij2Xpd9EgFfk_Qvp4AaABAg,0.1454309252445094
UgxioRRPTwX1RM3Kz9J4AaABAg,0.15463741764700234
UgxirD5mCcxL944-8C94AaABAg,0.1369433688802163
Ugxiz_Z8re31sFKLseJ4AaABAg,0.15347012406037913
Ugxj1GG8Aj0L4hIr9lZ4AaABAg,0.06627189141090561
Ugxk62MLZm6FNrewkgV4AaABAg,0.13992572606241038
UgxkFA0EzdNoHPnzxgZ4AaABAg,0.11100051858754996
UgxkLozFuDu-3rEXGUN4AaABAg,0.16975458036614005
UgxkZLmTliWQiJppy8p4AaABAg,0.13311145104138056
UgxkaQnp2vAc5bFqnVJ4AaABAg,0.06963403020690984
UgxkjWyMFhsRvF6dKNZ4AaABAg,0.10441687351441142
Ugxkvaa7lJwxEVA17NB4AaABAg,0.1565406292110199
Ugxl17ofHXnJU3zDBQV4AaABAg,0.11842245250197653
Ugxl2RtXtLPSHFupw594AaABAg,0.1369819159270796
Ugxl4yD5xRrJBjGsaTN4AaABAg,0.12602321312946435
UgxlFzHUeJouo6mMfZJ4AaABAg,0.1425962190433539
UgxlHzOhQSjo-9wEGwB4AaABAg,0.051025301583048646
UgxlI5OfVVTNeh9AdeR4AaABAg,0.12073642799318252
UgxlJ0rq3FGIKCEga854AaABAg,0.05484278790501873
UgxlN7ArVon7eHXK7_p4AaABAg,0.14553886312431624
UgxlQJayPQkKvjWe_0R4AaABAg,0.14562100170202408
UgxlSOP-07Z6rgUEtfR4AaABAg,0.014259755136631497
UgxlWfOkMc9kEwtcjl54AaABAg,0.14563970784999353
UgxlYExqgw0OIP6jThN4AaABAg,0.04398492316732747
Ugxljx4_CpanMFZp31d4AaABAg,0.007021339847151615
Ugxll7xY63yh5PzEbX54AaABAg,0.12859152407469976
UgxlwKd75CjcRFoTd-h4AaABAg,0.06168494382005385
UgxlzgSuQqW0a0268Cd4AaABAg,0.07805473172334522
Ugxm09r34_ZMdKuUYnx4AaABAg,0.12616502416280478
UgxmFml3vCPUn5VpPf54AaABAg,0.15930271711462596
UgxmUpIQq8c4ahUL6294AaABAg,0.01819358576426297
UgxmVUXIED8mGum3yCF4AaABAg,0.12031124885074118
UgxmY1Do2r5G31D8f9J4AaABAg,0.152656868140227
UgxmnkUaJxt2LU-BVhl4AaABAg,0.15200624834127996
UgxmoTCjbw5r00GKFGl4AaABAg,0.05245844972156001
Ugxmrtv14nwVJrjRD6F4AaABAg,0.10408397903608552
Ugxmt86fmXdKhjyeU1B4AaABAg,0.08443208868969017
UgxmvR6Bk3CD1BM7Z_54AaABAg,0.12686426656763833
Ugxn-jdqOtmUtgASwup4AaABAg,0.05850500117204885
UgxnCHfXx6B9U9D1Bxd4AaABAg,0.03915265073324398
UgxnEnBYpIzBjdnClAh4AaABAg,0.1491612922754345
UgxnTXw0xYzxDkBb0854AaABAg,0.15772634231794191
Ugxnd-VmybgNuWRAYXt4AaABAg,0.06061914000891888
UgxneoxumLiUbjS-FNx4AaABAg,0.09978588867937244
Ugxnnhr9HYNAkqbLfvF4AaABAg,0.1334848297185734
UgxnqNjznaPkfeS8Ah14AaABAg,0.035378489263489646
Ugxnsl8iOmklu0j38l54AaABAg,0.015146866365935738
Ugxo-fr_S1oXR1gvJB94AaABAg,0.06740487508974354
UgxoGEpYdJTaeTZiv5F4AaABAg,0.17149433642672635
UgxoUL2jE8vY8ums41N4AaABAg,0.07847817754145925
UgxoUWk_vnDi59lybc94AaABAg,0.15143891994367842
UgxoUXOv2nApOIMmVl14AaABAg,0.16254137688914072
Ugxoi9RZchK-g3AQIAZ4AaABAg,0.02954830881480203
Ugxoqkr4P0PiTv5Uzjh4AaABAg,0.1294179531068479
Ugxp6t6IFKgBXs12ovZ4AaABAg,0.16317884531439658
UgxpJ9sgXWbFcg8qFZV4AaABAg,0.042029764107501505
UgxpJeATP0Wr1koDGSJ4AaABAg,0.17138469270881884
UgxpMz21jJ4VpJSlmnJ4AaABAg,0.061368405064067655
UgxpZnzs4xh4Ox9Ylll4AaABAg,0.08726380082758112
Ugxpb3NC5RE7a1LUsCB4AaABAg,0.09248663688166447
UgxpcY6XbDllYvbD4PZ4AaABAg,0.03020851997126235
Ugxq2GiPqqek4nOSRu54AaABAg,0.1627455342643636
UgxqCRuvKTCiJBVl-ll4AaABAg,0.1596674620381387
UgxqHjTc11cci8vVV194AaABAg,0.15894204548977525
UgxqIMkEnrgHU5wmM6N4AaABAg,0.08271098103897175
UgxqLczdAd1-ip7b2aV4AaABAg,0.006163457696279927
UgxqfqHXCU2u3ah63J54AaABAg,0.04988327287425631
Ugxqgcd4gfEaVqw9QZR4AaABAg,0.15627702134132815
UgxqnZ-R4bjTqbbzfSx4AaABAg,0.14042237105840788
UgxqoO6q8IZAupmg5tN4AaABAg,0.15489466926451212
Ugxquuq72ZR4a4x2fWZ4AaABAg,0.04736214875574664
Ugxr01qEPzlx82-Jmx54AaABAg,0.05159121023102177
Ugxr1n-JuWGcG3OC3mp4AaABAg,0.1544313404233466
UgxrFHXFoly-22_j8BZ4AaABAg,0.13949278128100367
UgxrHMlTxJPxKgi0OR94AaABAg,0.15534334665096156
UgxrLVDosUUb9oYyiBR4AaABAg,0.16496508641458285
UgxrNCoSH_GLJfCoonx4AaABAg,0.13598441832484243
UgxrR8LgI96nZt_Z3Kt4AaABAg,0.13487111648126726
UgxrXaVYwFhR3R5EZax4AaABAg,0.1625675296649859
Ugxrh_tBq92c2kOl5JN4AaABAg,0.1240628464211061
UgxrqG0vAyZveMMzist4AaABAg,0.16852654359085784
UgxrwHM7AsZBKutw7lV4AaABAg,0.009658139643514077
Ugxs2JYHgtmg-4zR_el4AaABAg,0.1455186637283249
Ugxs3TCSrsSF8WORTBV4AaABAg,0.03106999819330653
Ugxs8vzjFupCpZfkH6d4AaABAg,0.05022320953755245
UgxsIPDxrA-jWn50z_F4AaABAg,0.07418014451210515
UgxsIwZJ1L4qDjmy9_d4AaABAg,0.11191731688060569
UgxsW4u_RKg5Q1eTSeB4AaABAg,0.08397285209257523
Ugxs_2MfTqmNNO67w_94AaABAg,0.12050828752021099
Ugxsq0EaJ6g3kzopFgl4AaABAg,0.05374967244182832
Ugxst18k4WRKu19mT414AaABAg,0.11656966279593929
Ugxt1WUyRh3Cp3Beu_l4AaABAg,0.13313484060315328
Ugxt53wKF2oWvB8lBkN4AaABAg,0.02678858340647984
UgxtDA6Y8HE2LKP_sP94AaABAg,0.007678483479312277
UgxtM5QdvkkVqZVM6ph4AaABAg,0.1471233148169273
UgxtQy1Awz43dIPwFfR4AaABAg,0.12574756322326738
UgxtZzJZ3qFw9FG5Q_d4AaABAg,0.006855661616330501
UgxteAWIAcsd1BYp6DR4AaABAg,0.15180878612580156
UgxtgjACVuvac40ox0h4AaABAg,0.125992677206555
UgxtkL9Rh8yK_UefImB4AaABAg,0.06259997566000208
UgxttHoGKu9WnRkiCS54AaABAg,0.00484709760253144
Ugxu3cbSGvTubkWrciV4AaABAg,0.11162807587189218
UgxufAoLTnqq-UFj5D54AaABAg,0.014861037456405147
UgxujLIA09nc9HdbrYJ4AaABAg,0.0907660155462448
UgxuqMUd2CbUSokshOd4AaABAg,0.16657977424664
Ugxux4D6zXK0ZXHy57x4AaABAg,0.14071874650187077
Ugxv91JmN16Ae8xHAkl4AaABAg,0.08080750063168728
UgxvAUclT9X0AioKgdd4AaABAg,0.11220753356654611
UgxvImiX1iT6Mx5QfdR4AaABAg,0.15757029973739184
UgxvMUD1u3v_UYjj8Jd4AaABAg,0.17496011887243063
UgxvRoAYk1nu3Yb88iN4AaABAg,0.11062242335105649
UgxvVQd1HlGdCvwFcUl4AaABAg,0.03400196980431017
Ugxvg6-fKFjF3mxEQYt4AaABAg,0.13135279352168244
Ugxw0g7_p8PwbGZnLUd4AaABAg,0.17060914120464205
Ugxw2jJ8GnCNcw9BsEl4AaABAg,0.04838392117135061
Ugxw5Km7-SHE3T4QZCB4AaABAg,0.15718919404272247
UgxwEXvCfegfUU6bt_p4AaABAg,0.12440198834103483
UgxwPBE6mRAY7Nn4s214AaABAg,0.07970385714659695
UgxwPuSJgcdLU9hg_nt4AaABAg,0.14145320958058188
UgxwTlwCgNWyYtQynmd4AaABAg,0.11150934020261843
UgxwZJPXOIEe1uz2K5l4AaABAg,0.16006928120694386
UgxwhZ9BzpJzbFuUO214AaABAg,0.08809373812064647
UgxwwcZ0Y11Y6D86mVV4AaABAg,0.08079887035274103
UgxwxP_j2nDHw0oQENl4AaABAg,0.052131887269099245
UgxxDFMag0W5Q5g3G_l4AaABAg,0.13000606299098816
UgxxMPbol4dwYa6QA4t4AaABAg,0.16361757182468029
UgxxMzR0B_jve1MFYSl4AaABAg,0.06542878353730167
UgxxeC9ryXMygJ6xpS54AaABAg,0.14423634815134379
UgxxhKEf-mjuz9SaSTF4AaABAg,0.038418709668335105
Ugxxlts0D47FKTs2D794AaABAg,0.15422098665195916
UgxxpOrHeJTqiy77S414AaABAg,0.05955730604388329
UgxxunB6QiYUfn2EF5B4AaABAg,0.1328356780388183
Ugxxv7m6XH7kRDHRc-l4AaABAg,0.1078780062398967
Ugxy8bA83uc9NmEE-XV4AaABAg,0.16071305157038368
UgxyApjyMe9CljDEqD54AaABAg,0.05154436226428716
UgxyFptekphcBLL7UU94AaABAg,0.03841280803784548
UgxySRX641QRT13Xz8B4AaABAg,0.14788633321145378
Ugxycms8alQ1blJCdoh4AaABAg,0.10844867344860692
UgxyeJVzsfyK7nPuSit4AaABAg,0.14408407419924135
UgxyhM0yRPIK5oMK5m54AaABAg,0.09150149469052105
Ugxyl6tI_GCxfYunkgp4AaABAg,0.035364907470731136
UgxywEVwhEolz8yRKeF4AaABAg,0.030749258136330383
Ugxyx2fuCJxkA2us5GF4AaABAg,0.15841335112936022
UgxzQGvnWVeu-FDEll94AaABAg,0.14352708741327747
UgxzUPrBsTOdvW4Dh-p4AaABAg,0.0497785643422667
UgxzWhqo7etpu5mJbGF4AaABAg,0.06667874064545033
UgxzhaKuYwYGuFedOPZ4AaABAg,0.1535514888593273
UgxzoS8gRiA0w5DwIS94AaABAg,0.1340493624133826
Ugxzuzv9hK222KYFjnx4AaABAg,0.1501344010690034
UgxzvUD9cZ7pTs07WIB4AaABAg,0.07379793425915465
Ugxzyo5hEyGfd6Eskqx4AaABAg,0.04007554460993243
Ugy-0iAb98kiZfh7UHV4AaABAg,0.15022292556577832
Ugy-2Ut9LlExcw7wZ9d4AaABAg,0.1339680557782258
Ugy-E3VzG7XQCg2hPnV4AaABAg,0.09987772188832272
Ugy-TeFhDpi-2bDMhI54AaABAg,0.022802454344287154
Ugy-Yd98lp8xPjo4kY14AaABAg,0.10503389783103328
Ugy-_av2r_ssBl6PhOB4AaABAg,0.0362528533519533
Ugy-kC4_ESIg9vi6csN4AaABAg,0.11826106299579377
Ugy-sIWhGMoLuwLZ6ap4AaABAg,0.17424242579598498
Ugy06MNHftzda77zxLl4AaABAg,0.1143503847976808
Ugy07uW0XtXpY4N1WeR4AaABAg,0.07202808414572937
Ugy0AqtwzzvnyseJWs14AaABAg,0.013382273143342588
Ugy0Gu3XIHRRII3wLLJ4AaABAg,0.14933047806241828
Ugy0m_uvMekl_C1PVzV4AaABAg,0.0062324130690876375
Ugy0wn5z5crhMtK5U1h4AaABAg,0.1477939632912254
Ugy17gY9Bcd1nUKR9VJ4AaABAg,0.033188638366461354
Ugy1s9B6VLeCf3QI5xF4AaABAg,0.062099394377294795
Ugy204n2AkvNtC--APF4AaABAg,0.1287279524229717
Ugy23tGqNzNt6uIFi_h4AaABAg,0.06616783536429216
Ugy2AYew64hUnXa8eEB4AaABAg,0.11438788731972749
Ugy2AbdJsN1BCOM_xnh4AaABAg,0.17593607227933822
Ugy2G3-pWnD82maXj294AaABAg,0.07721068703991743
Ugy2Ge2E4kelEgKULpx4AaABAg,0.16326522117889486
Ugy2Gx_XC8cheMjP8gB4AaABAg,0.10045006990266298
Ugy2OisFU4F2XwictlJ4AaABAg,0.11695236414691769
Ugy2U9TVL8sg-MMtqzJ4AaABAg,0.1455981442587448
Ugy2ka5aKL9Gl-0In-N4AaABAg,0.15760282042091595
Ugy2pE_nA2M2UxtjrcZ4AaABAg,0.03004255324009144
Ugy3KaB_O-WyEfnzf2h4AaABAg,0.0229012069854041
Ugy3KmU6yFApLnJhVyJ4AaABAg,0.14792613981660563
Ugy3ZHLZEhPXioWqill4AaABAg,0.007948276853175677
Ugy3_FrRhCmcw_lEvx14AaABAg,0.05842034923341438
Ugy3qqsFgnnOe4gduGR4AaABAg,0.058049477209626166
Ugy48K2ExcWXJZ3hsgJ4AaABAg,0.08480810193871009
Ugy4BeLuuFRM8fZQVNF4AaABAg,0.16786476710311282
Ugy4F2_3wEfr7_8CQZt4AaABAg,0.0488333014983431
Ugy4KoqLusVSPjfO2b94AaABAg,0.157537051359044
Ugy4afABk_g0TDoPv-54AaABAg,0.15292558890609043
Ugy4bAgXuL_-wRSvgY94AaABAg,0.14180481027401215
Ugy4fXibxOodmR7ITWp4AaABAg,0.026248454180561404
Ugy4v7YEDcw6R-tAJRJ4AaABAg,0.1440140116426632
Ugy51OBmM6o9VnPlT254AaABAg,0.10754773329324097
Ugy5CXNwSHe24sceNXl4AaABAg,0.09852498097413426
Ugy5GrERWqQ1uIN1bhN4AaABAg,0.07689672812626858
Ugy5Qqu9azBTocjSSER4AaABAg,0.09825566503914925
Ugy5QsS8BQFUpOJ-kfd4AaABAg,0.11724235592266258
Ugy5WP3s88cMNr9gitx4AaABAg,0.028686824652693288
Ugy5wJrvFEK5Uuf6y6B4AaABAg,0.10598829950890948
Ugy61YukSdSGD9ESyfR4AaABAg,0.08503018304678059
Ugy62J3peW9rbjUwrAR4AaABAg,0.08107413133828713
Ugy6KDDL2w34da7kTAR4AaABAg,0.06551585173133215
Ugy6MR71T6EnTbr5x3x4AaABAg,0.1528229245117989
Ugy6YcsJMk6bCCPT5W14AaABAg,0.04244545737756915
Ugy6a5harYQEgmeJAot4AaABAg,0.11039391895899131
Ugy6o48JGGeK-goC_LZ4AaABAg,0.10206225453138656
Ugy6stPcGWb_eoYb7wR4AaABAg,0.06180407834865782
Ugy6x_gL494r5xdWba94AaABAg,0.03407079487114002
Ugy75K89ZhLIt9xdo7B4AaABAg,0.16429034069964277
Ugy7EIuyrwNQDq9zP7t4AaABAg,0.12661541547016325
Ugy7G3NMMJCzRzCa4ed4AaABAg,0.16103081262603292
Ugy7K0HMDxcsoCse06B4AaABAg,0.15285194891007825
Ugy7Lpn9YaMbhy5gQyt4AaABAg,0.008918006140728216
Ugy7MMl73c1zmwRiJSZ4AaABAg,0.07926016651941958
Ugy7UeB4ICy3v2C73N94AaABAg,0.0072606227287306205
Ugy7q87Z0Mb_xk6efe54AaABAg,0.05281053697221906
Ugy7qWIsUVRWhoSz_mV4AaABAg,0.15525670492722243
Ugy7vlFCByQ--sR-xth4AaABAg,0.14761542694940266
Ugy7zMSrURqmWpEYWpF4AaABAg,0.15966756238799273
Ugy8FM9mC8dBqu4rmpd4AaABAg,0.08534679891923098
Ugy8YrMuLXRpd6rg_Kx4AaABAg,0.050112358844426066
Ugy8al8jvWWI503HdsF4AaABAg,0.16620907915276134
Ugy8duMeHUVhBsCN-DR4AaABAg,0.1443142569734185
Ugy8tk49wYXKDzal9wZ4AaABAg,0.1327242495294425
Ugy8x9UTWGjZkWz9U2Z4AaABAg,0.14100386762574724
Ugy9FVRTEQAmvPgTyJR4AaABAg,0.09050553094462904
Ugy9chlGrrVUoF8U2sB4AaABAg,0.17523672735457502
Ugy9nJliRjLeB--X_cB4AaABAg,0.13794446201766708
Ugy9xNoj9_X4LFhvYC14AaABAg,0.1508975641378128
UgyA6V76HwoOjyGfjpp4AaABAg,0.1555757837478789
UgyAA_ztAJ4EneqId6B4AaABAg,0.04763699206256912
UgyAe4K0CpecsrI35q94AaABAg,0.052081198198087514
UgyAf2JgXlKKGPXlBIB4AaABAg,0.1635097965335331
UgyAx6F_0n62S1IttIN4AaABAg,0.1329544581328197
UgyAxVheE0WVEzhqh794AaABAg,0.1765914749680993
UgyB-dWPXB74oVsU4j54AaABAg,0.07956286251584155
UgyB-nUiUiSDHP7B7qV4AaABAg,0.15333020388562618
UgyB2vozw8YXAQiJ-Wx4AaABAg,0.11616453472452326
UgyB7ok2H3f93N_OVf54AaABAg,0.11873555543410419
UgyBIfK9eVCsbGuI6v54AaABAg,0.1665441369157628
UgyB_bJnJlW6C2RIr4d4AaABAg,0.12136324500777224
UgyBjoYQTxOOv94Pb_Z4AaABAg,0.15016178384508488
UgyBzCdG14CaHZKN-r14AaABAg,0.06359827350270619
UgyC2b0yAWrltyHSg-14AaABAg,0.12683081871520036
UgyCBTBDhJkPuM26sLV4AaABAg,0.03678863423052048
UgyCYJqe2G-0HcBhkyR4AaABAg,0.12444317897617363
UgyCYqPyRP7LWTUs7yZ4AaABAg,0.006727003297116582
UgyCkUohrYNslX7mY7h4AaABAg,0.03281004798307309
UgyD8HuTg_CsSptTl014AaABAg,0.041826230114188095
UgyDCDy3EiYayokIvFd4AaABAg,0.033942656666081955
UgyDWdX6Zkcf3mPbePR4AaABAg,0.11640330560068171
UgyDd1_PnK5tVPVuAjd4AaABAg,0.05345380835713259
UgyDhmT0-IRI8Rhqbuh4AaABAg,0.1488112839933048
UgyE-0_d2kQpA-GCW9x4AaABAg,0.11520181812190211
UgyE80_0UtchewCJNxl4AaABAg,0.14391413050993485
UgyE8o9kBcGFkhmRItR4AaABAg,0.15508551214491734
UgyEI8QdFKM9DP2lGn14AaABAg,0.15435218314352422
UgyEVNo8MNgGOJfvYqt4AaABAg,0.12386601290368693
UgyEg2k_p4K5bDjnhvl4AaABAg,0.1380886322473201
UgyF0e9XRQRO21sk5fl4AaABAg,0.1183401802339119
UgyF5Shu5Z-SYnLV03Z4AaABAg,0.08774887237411633
UgyFHTKgNnvydBgKEHh4AaABAg,0.0733744778897219
UgyFKOeANROh90Aamwt4AaABAg,0.03155204923070484
UgyFZXrkZcJ_k-M353d4AaABAg,0.14252848552154285
UgyG-KrMcqxpJOBg0xt4AaABAg,0.05774623254345247
UgyG2qAViAR_CYRV9hF4AaABAg,0.1596110831953182
UgyGA24TIpT7IK3denp4AaABAg,0.006127049495555235
UgyGOF1wAANIpqPWCn54AaABAg,0.11298512471208838
UgyGOpzsiCEKEAUGclR4AaABAg,0.1094556226862388
UgyGPu6FlBCG5pzTKp94AaABAg,0.14676675208581785
UgyGQrBvQYYQj-cKso94AaABAg,0.05079238269108299
UgyGeLBLQ7x8uTmqHet4AaABAg,0.11856918687812358
UgyGgvf4rv3Lwq4qlRJ4AaABAg,0.136224828087753
UgyGhpJi5E0a-oAQLFJ4AaABAg,0.094308947191735
UgyGi2O_IM4vFjOLKL14AaABAg,0.121332756220004
UgyGsDBJOWKXkc-iEul4AaABAg,0.07585429695264467
UgyHNCUkR-6Zq7_MmOh4AaABAg,0.15002192416879795
UgyHW1XXfoUVm6RtRrt4AaABAg,0.13072006378420603
UgyHazfXATzu9R0IW3h4AaABAg,0.16663895337738366
UgyHpR4OJhJxfMtBfON4AaABAg,0.07876189254604622
UgyI0uQc0KN6s6hT9P94AaABAg,0.1454359882310705
UgyI3PGGkJZspcNr4qB4AaABAg,0.02316531095667329
UgyIAIvrUyDA-DhjgtN4AaABAg,0.12766423682348066
UgyIOxJSyW0qHAy4Mol4AaABAg,0.13492505449302056
UgyIPDhobAaUhGd_gh94AaABAg,0.039469203375224
UgyIVFLQhHHRah80ENN4AaABAg,0.16492990585128436
UgyIWq-GNONqx7xKJyx4AaABAg,0.17396821682782854
UgyIh0OCkpeGzRC7V054AaABAg,0.14796770972860945
UgyIjfN0wnRpSKZBXxh4AaABAg,0.0943143928311424
UgyIrg2ZENuS4MUcf614AaABAg,0.06276434369353384
UgyIz9HdRNST-8kmlqd4AaABAg,0.09893033350460684
UgyJU0RGgKCUY7drdhB4AaABAg,0.0452237685095675
UgyJZrWVuFiaD8WOK6t4AaABAg,0.15994433444761402
UgyJqlhTHGeqWw5hnNt4AaABAg,0.10921787210514335
UgyKAxAuT5Hch20wbMt4AaABAg,0.14693214509949037
UgyKJch-By4XNM4XgZJ4AaABAg,0.15315534254182606
UgyKf_2R9y6KohOUsZd4AaABAg,0.14412368353487742
UgyKg9-kAfZ5RVlfJ9V4AaABAg,0.18302730162140107
UgyKtuTEhMmGA_aetjd4AaABAg,0.12989459824125693
UgyL5wKoD6498T3Wf2B4AaABAg,0.1637950091120411
UgyL8T1TQtkJAMvL65p4AaABAg,0.12682824327210024
UgyLB9yb2gacnci6_cB4AaABAg,0.1082682841821669
UgyLSGiMZoLFPt6w5dF4AaABAg,0.06539744386973367
UgyLXOiA2zZBIwlbhqJ4AaABAg,0.06918149537238734
UgyLkvZl6gSzFTE6mn54AaABAg,0.06572091657825635
UgyLz75KA1AKfYdmNRZ4AaABAg,0.09787614295711669
UgyMH7-7l14CnDJfB8V4AaABAg,0.05563435195309825
UgyMQqQyUunA_ogtpLV4AaABAg,0.07270388557364915
UgyMXqlgZye9LHWea1l4AaABAg,0.09815314461315239
UgyMcbM80te29weOrC94AaABAg,0.17756372294850947
UgyMezsOFXffeuBEgSd4AaABAg,0.1727051932125293
UgyMgqQS1204rR2ozNF4AaABAg,0.048688846614098405
UgyMnTp8yW5tlZhC5AN4AaABAg,0.16254964128999166
UgyN4X9-Z3oRXgijJSR4AaABAg,0.10445745763896835
UgyNj79G0-xsbBLOxJt4AaABAg,0.1199089550174211
UgyNoW8vSe8e6KkBrOl4AaABAg,0.13311150242935288
UgyNtxoQIYBRvfKm01t4AaABAg,0.047559386730094425
UgyODXvmgy-mDJQTd6J4AaABAg,0.15873106929740932
UgyOtAoeNXp0ELgooEx4AaABAg,0.1616220420262789
UgyOxM-6h4-ejWFfCxJ4AaABAg,0.14195439374578867
UgyOyD7tZSXGEUdiZ414AaABAg,0.15727389610947512
UgyOz6QhqHi9dBnihmR4AaABAg,0.06746352458683508
UgyP42iuXoP8V32Kzr14AaABAg,0.17058262396020957
UgyPKqvofxb5oYc8daJ4AaABAg,0.04982779457025001
UgyPx89k8aYeDjhtq9B4AaABAg,0.008319841782160487
UgyQ4UPW3p4BnBU5BhJ4AaABAg,0.02489915258789701
UgyQ6UwKH7QOnKGphUB4AaABAg,0.149169759112031
UgyQ7eN_TiXT-ZScDP14AaABAg,0.17038339706652933
UgyQCKqvQX9Nz-m0DXV4AaABAg,0.13886743631091242
UgyQY8oinsxMmKVDgiV4AaABAg,0.1505790172036484
UgyQhTEiWfrj2ZZSrp94AaABAg,0.12675920757267667
UgyQn03NQUfSd_TV14B4AaABAg,0.16803780436107507
UgyQnjAwVssK58fMXnB4AaABAg,0.15823073948388067
UgyQqrCzKkMW4WPyYGd4AaABAg,0.1656370011259214
UgyR0vVd641MlxAq_r94AaABAg,0.17531975714778741
UgyR8PGfQbDtPg8YpWZ4AaABAg,0.04284708953741362
UgyRDj9JRjdr6SLb8_J4AaABAg,0.14112006971954405
UgyREI23hjIKO1x1yHB4AaABAg,0.033870276379119116
UgyRKA332ClZJZMrwQ94AaABAg,0.1526269841143778
UgyRaMXiddnQNC2e-jN4AaABAg,0.1583946008273096
UgyReC_THR-QO5qVjUd4AaABAg,0.16746841648518923
UgyRqmYYC-QPfXJ7yv94AaABAg,0.14684409739204735
UgyRtp5JoG2x7qUpdMl4AaABAg,0.1332689938531933
UgyS1mkSMwnj-8z_AeJ4AaABAg,0.1518208874024407
UgySAJv64TFtOSTUdMN4AaABAg,0.11084665213117717
UgySIhR4WEISQR3On-h4AaABAg,0.1609372502591802
UgySP5AT83t9V8SrDBx4AaABAg,0.06424997143579804
UgySbqkyJun-ZBAZwKp4AaABAg,0.17670818793268017
UgySfl69gDZWJjmvJdF4AaABAg,0.043774570172795735
UgyT8IWEK1xVgEkV0w54AaABAg,0.14269886257554504
UgyTGI72Am13wUybQHx4AaABAg,0.09058846734424843
UgyTU_k4vh_PkD6SPdh4AaABAg,0.1321210426285766
UgyT_DBLw-64d5dngZx4AaABAg,0.16914993572371434
UgyTlCmMtNoUWdekx4N4AaABAg,0.1265038816220303
UgyTrqJCRmL40sdUQvB4AaABAg,0.02006395596257012
UgyTtieo1E979WK05Yp4AaABAg,0.15324464956768274
UgyUN05xmmMmKD2ipal4AaABAg,0.09917899232180388
UgyURg-cAKFkzAB9tbx4AaABAg,0.054909350847744315
UgyUiERwDwOfIwKZ2SR4AaABAg,0.057840724383412756
UgyUpDbdzNMFSRo1Gbd4AaABAg,0.015231065987224294
UgyUtOgqpU2PNQMUnjl4AaABAg,0.029957598803340327
UgyUvuOXzCzDB52xHKF4AaABAg,0.15750971130764763
UgyV3EPI7Aio8qnx1U14AaABAg,0.13946979786780972
UgyV3rT483R8b3-0H754AaABAg,0.14863348153467887
UgyVGMvaIoXM3X-Q4lZ4AaABAg,0.048004862091579684
UgyVOiA60oDlEg3swPx4AaABAg,0.07624253446716563
UgyVOtAladd3RnO2Fo94AaABAg,0.14490467431207726
UgyVSQTcEP0YxE1aFVN4AaABAg,0.1408868897665877
UgyVWKbnaRXGjGVZwO94AaABAg,0.1696103793721196
UgyVX5GAhw6vCHzkxzx4AaABAg,0.17860107019439964
UgyVqeCxi9sXr3l_jR14AaABAg,0.07205649321353892
UgyVxqzm1QIdRm7is0F4AaABAg,0.1337109070302166
UgyVxrDaSYOkyo5jR5x4AaABAg,0.1314234796079864
UgyVz84tg5ZzUSVmJ9V4AaABAg,0.09534175664760369
UgyWHTY2RvbwqHM6kWd4AaABAg,0.11288755181498533
UgyWhZNfUxMfoW792a54AaABAg,0.010881008660716621
UgyWkgCn2i-krm2-r2x4AaABAg,0.03183633860119589
UgyWpLi0Cbaa0osEO8h4AaABAg,0.1476518587784712
UgyWpk4zfTXWV8VN_2t4AaABAg,0.1135381528940772
UgyWsppqtVxgL8MGsPB4AaABAg,0.130537122299484
UgyWt6sE7Wh8fKNlK294AaABAg,0.13884440003640447
UgyWvPmDylskT09JYlB4AaABAg,0.04587908751355975
UgyX6zdrBoWzv1j7uGN4AaABAg,0.09203067317693375
UgyXA373V73uVMV54lF4AaABAg,0.02687059591509411
UgyXAXjy7WrWejwNTtJ4AaABAg,0.005682957977518642
UgyXAaWaTFPYRZiZ4m94AaABAg,0.06029098180602216
UgyXLV2NTQDufwUrqdN4AaABAg,0.1458736570840613
UgyXP5Dv8cSbMMjwvQ14AaABAg,0.1412371789894301
UgyXPH3fS78eOeiEvjN4AaABAg,0.1522826851624695
UgyXS1MEIKWmqV9wEd94AaABAg,0.0035438052759710773
UgyXZMGShJdd5tiiKFd4AaABAg,0.05535110765006153
UgyXdY3TPa4BWxCHAR94AaABAg,0.16512168259372878
UgyXdt4s0WFkrzj0-u14AaABAg,0.15951279998311746
UgyXfVpke42VpNhZOeV4AaABAg,0.15789219710438768
UgyXg_sFSJka2fRFR1l4AaABAg,0.052693005290904316
UgyXsTFNUm23h4whB514AaABAg,0.16853850859594438
UgyY5WOaeHaY1t47o7R4AaABAg,0.07854083022663118
UgyY8QzG1zG1aMz4-qB4AaABAg,0.1371594466313395
UgyYAlpqZd03snkOKZ14AaABAg,0.08319340752588028
UgyYFwS1AkQ4mcWpvRZ4AaABAg,0.16079901688198328
UgyYIU3d7qu-c14HjK54AaABAg,0.08421426666899323
UgyYN-G3n0rDuOmpaQF4AaABAg,0.08659153151116877
UgyYNH19qL5nXozkQKh4AaABAg,0.08734276432443522
UgyY_ort9OVcQ3GY1SJ4AaABAg,0.16684537225257434
UgyYdadGRNumPEa4e6Z4AaABAg,0.13577874828952252
UgyYlGTmn3K1NH5EOG54AaABAg,0.13420380147414962
UgyYyGPYYOvItVE8R-94AaABAg,0.05843709908948594
UgyZ-rfoavVPKo-lzRN4AaABAg,0.14373375940151434
UgyZKoAaM0S-wamz3XV4AaABAg,0.15344425384475946
UgyZMmnBcUs2uAbQZMB4AaABAg,0.025862823002231142
UgyZNqPkdPgikyss7AJ4AaABAg,0.11380296618833313
UgyZQI5hNX8-ZjINXs94AaABAg,0.16875103692300614
UgyZZW-zwHNPv-mOaWh4AaABAg,0.03481849019700861
UgyZjMTTe1SFT8ktQtB4AaABAg,0.1589818463175109
UgyZnNPMQW2sK7jnGpN4AaABAg,0.08961773421378971
UgyZotIhA4yYZFBZzV54AaABAg,0.07214859550638364
UgyZy2qZnPuUokRFsjx4AaABAg,0.07122384181099528
Ugy_-slI8sM5aYMwyzB4AaABAg,0.13536789908459307
Ugy_3xtnzgWpsgyIMfB4AaABAg,0.11983293226915732
Ugy_L9UWsxcS_SVXEZV4AaABAg,0.14488833999146783
Ugy_MUBpiGkMpFnXzbx4AaABAg,0.15410282840053802
Ugy_O_1r2DtQITUONlJ4AaABAg,0.10914989766355024
Ugy_V_-cbRgIx89HjyB4AaABAg,0.1458461914823071
Ugy_cERiwhPx7mp-7s94AaABAg,0.12376008794101001
Ugy_d5qzI6bp8G4LZ5N4AaABAg,0.08616506563971467
Ugy_gF5ecD4ZeJijYR14AaABAg,0.1774066390713992
Ugy_k38iNYmyQQNl-9h4AaABAg,0.04199585285057206
Ugy_s-7DtsT9w8G7Lp54AaABAg,0.1530582892820554
Ugy_sROW6o7poI6z4Mp4AaABAg,0.1012993991384899
Ugya4_w-G2oYjyHTqYp4AaABAg,0.08416033551516185
Ugya65T_NL-BxWxD6lB4AaABAg,0.17317514764750408
UgyaIfeKH0zM_uHYEhR4AaABAg,0.043126522755045194
Ugyahj_SPFbCtydw9jt4AaABAg,0.1671063130848951
UgyawC19LaRr4NdvJv14AaABAg,0.011827128316220743
Ugyaxah-P5y2dGgUGul4AaABAg,0.15652652514977283
Ugyb0Td9nBsYoyyva9B4AaABAg,0.12586069901946667
Ugyb8ExGwNl4D5dX8pd4AaABAg,0.10390718338353672
UgybAubv1i7P-M2BOUl4AaABAg,0.14643551731941412
UgybLgRk5YHCvtxm-xx4AaABAg,0.12634227125162867
Ugyb_VNKPoT3ilb__6R4AaABAg,0.15980709631132128
Ugybakv7B2uUcmuyYXF4AaABAg,0.10076049440544584
UgybbSqkOFSRzk6kuPl4AaABAg,0.16716915739323335
UgyboBZMBb8aU_BSaEl4AaABAg,0.09115746684642462
UgybqamXtXOO4YWYqkp4AaABAg,0.17897679474463313
UgybtoPzFuTTgFO-vOZ4AaABAg,0.10472198374789038
UgybulBTje5OqmaglTx4AaABAg,0.07512321280259128
Ugyc6EEl1vNYVmwdRRl4AaABAg,0.1657731242619057
Ugyc6HBlbTeAqDVD3Zt4AaABAg,0.1629568334958798
UgycSqXKXa5-OFhLP354AaABAg,0.11567517787307718
UgycSzXQiRmYhKwLwbt4AaABAg,0.1726526563530844
UgycchmyCz-SzmKdgDd4AaABAg,0.14616705537858266
UgyckLqjsqqGvceeMuV4AaABAg,0.11249377334053687
UgycnZl0dRvtYVvGJRJ4AaABAg,0.039379728261050476
UgycoqGTWAwUpyUDgHl4AaABAg,0.010324512493775126
UgycsiFBsQ0qmK3Z-_p4AaABAg,0.12842890931112544
Ugyct252cgj7htRM3sF4AaABAg,0.129554062743715
Ugyd6f63-uaWj7f8tyd4AaABAg,0.1699351268542329
UgydO1m7t_9b3ySPv4d4AaABAg,0.07074210790552332
UgydaAIZ97gEVn9e-Ap4AaABAg,0.0076220661799969655
UgydkQg-MQFqW-rdI-Z4AaABAg,0.07916969789492535
UgydkmS7nZT24Twam8l4AaABAg,0.09654918310455614
UgydmRRXHD59yP3HjO14AaABAg,0.14767412224415044
Ugydnr0LIiS8eDKlSlJ4AaABAg,0.006698477572399306
UgyeMLxE6X_c5FvrQ3N4AaABAg,0.06909535830177345
UgyepGdHyJM1M30vLdF4AaABAg,0.16312161955402749
UgyezEgdkHb4NYCOaXl4AaABAg,0.154203947750435
Ugyf5bAqzxJ0j3HEVm14AaABAg,0.1649346990964718
UgyfBQCz-rRezoZVAHR4AaABAg,0.14569390317715408
UgyfJ3l65xYJ9IyEJYt4AaABAg,0.14272024901385538
UgyfKMXusHUgP7UrtOd4AaABAg,0.07567597213806661
UgyfKjaDV9X-vRiLnYt4AaABAg,0.17920050103137963
UgyfePu7JwAkBBHGilF4AaABAg,0.06695701512284999
UgyflC-ynfnacGxDV6B4AaABAg,0.14318215662263822
UgyflZyWm6IZQV4qx_J4AaABAg,0.1362170854790276
Ugyfoz_gS4KdnCDNUUl4AaABAg,0.11698344087220375
Ugyg-NMPotlxtWHMwIZ4AaABAg,0.1666452985802478
Ugyg6exxpKrc3POu3zx4AaABAg,0.031468438476391664
Ugyg8Uly6QC38HXykkd4AaABAg,0.12966032118336468
UgygRZrSckLhYMF9udR4AaABAg,0.17750484171960973
UgygS1xeai61hVDqr1F4AaABAg,0.02516477858746064
UgygaRCx_ADQ5bKsmXZ4AaABAg,0.164687817920115
UgygcWJ1bbUuot5061x4AaABAg,0.1342234618272405
UgyggXULnG3MjV5HgP54AaABAg,0.16790388634226444
UgygoMdBgLrJPxzhudZ4AaABAg,0.01990779119196817
UgygqVAzLU1hGV7v2ZN4AaABAg,0.0302839163068991
UgygsAyT507DBWu5XMZ4AaABAg,0.01521346075947758
Ugygwkti-8HjDAXtUgN4AaABAg,0.09468416109924922
UgygyMWkbpu3sgHjrcx4AaABAg,0.14291884215710882
UgygzIM6PGU5UTbPZvt4AaABAg,0.042955921478655956
Ugyh-beKC8v8L8_WEyt4AaABAg,0.061368405064067655
Ugyh-fRlOWbHdFWSKfZ4AaABAg,0.015266324355258168
Ugyh2oKlYeAH6nyOc9d4AaABAg,0.04471474815161492
Ugyh4c5V_AxwLPaRraN4AaABAg,0.06431834051187259
Ugyh8pzpLB4i-yi7MGJ4AaABAg,0.09915161362993626
UgyhA61lYQpAzrdB9nF4AaABAg,0.13148844106209834
UgyhJd3vBhdZw9VsJ8d4AaABAg,0.1637097181553831
UgyhJySNz8kOqY41htR4AaABAg,0.16316724928437681
UgyhW7vzY7g1Gq2L_FB4AaABAg,0.030802415875107153
Ugyhf-7zO3mBBmuU9Hx4AaABAg,0.10694185345641732
UgyhiXo35PoW_F-RTOR4AaABAg,0.10212271515393179
Ugyhk2T5aPAmFauKdUF4AaABAg,0.1502956500982927
UgyhrPadukJAo3Y9NNV4AaABAg,0.04809921150872855
UgyiAVBa8PHFNHSyhZJ4AaABAg,0.08433323158093194
UgyiEwxKeenRDhTk48R4AaABAg,0.15787846995208027
UgyiGiATktESQpsGywV4AaABAg,0.11261402599291143
UgyiRZqBYpVWruHaPdh4AaABAg,0.09303601682826007
UgyiZH3p6qNWP0U5KTR4AaABAg,0.15164617047928974
Ugyi_QKoXdgBI5tSMZx4AaABAg,0.02854540196536464
Ugyis77NJg99dw0_EhN4AaABAg,0.021465187546474047
Ugyj3WEfapKi62VZRfh4AaABAg,0.1280669257824501
Ugyj3xI4f-X-8XqLMGN4AaABAg,0.027795882741596403
UgyjAyWEvtpQyiy9md54AaABAg,0.1315517784514204
UgyjBAksScdBGvxBKTt4AaABAg,0.04642958245944259
UgyjC4z6z0bqrBS5p4V4AaABAg,0.05788848595556312
UgyjE21hwGfklimPYJZ4AaABAg,0.1268056036401624
UgyjcKm6WK4c5eNUACd4AaABAg,0.10749613258158919
UgyjwfRQMth5sr3Zl7F4AaABAg,0.17882854037014273
Ugyk61RFJ56VzXP6vo94AaABAg,0.03805000164825306
Ugyk7yoUv2K_7fpiDp14AaABAg,0.14876272634825766
UgykFknOvkyM64JU2_14AaABAg,0.16042288325822535
UgykOck3j2AKIzA2DPR4AaABAg,0.057654257440466705
UgykXvlEGNov54EYOvx4AaABAg,0.06643397637494847
UgykaCIc9ycYqXGTGxt4AaABAg,0.08869963496799795
UgyknxBDpbxTTqowrKp4AaABAg,0.13412610731651503
UgykveyLyJDYdj1YWfJ4AaABAg,0.11815967260855442
Ugyl-6YV0BOeG2GRWAV4AaABAg,0.07873868158332864
Ugyl5YeU47SVsDKB6RR4AaABAg,0.03317594806242738
UgylAs88RNiAeZY5T2t4AaABAg,0.12370404099578908
UgylFKwxrMTsEDBvlsJ4AaABAg,0.1502987123966658
UgylL4Wo1iAz0poil0p4AaABAg,0.09344932343433611
UgylOTIQoV85GI25tcx4AaABAg,0.029220943407821515
UgylURgDOTzyrr8dzLR4AaABAg,0.04395273860387566
UgylVeOMKwRw-sHdL_14AaABAg,0.17660214381031747
UgylfmTVrfbpuWVABe94AaABAg,0.14918177979072023
UgylggvxLLp7pJ5SEk14AaABAg,0.09395945182175502
Ugylxej2PF5wA6V_nYd4AaABAg,0.10135892514945499
Ugym1Eu4vF5c0_N02vx4AaABAg,0.06071903585896843
Ugym5YjGAdq6UW_0BXF4AaABAg,0.016872127250342806
UgymGjHcllbbyMSth6J4AaABAg,0.16605706706426393
UgymV_2VJ3_JNZPrphV4AaABAg,0.07964794317102564
Ugymb-Bzdm1Iarn1jwx4AaABAg,0.13907557691983852
UgymfcJmM4KO5eUkGGh4AaABAg,0.15932624129656797
UgymrS2rXWYhXqyNLxZ4AaABAg,0.12833855278337317
Ugyn7pmQhGzpZF4ePpF4AaABAg,0.13502081039345987
UgynVWcrcPgdACPhiUt4AaABAg,0.11836431521875346
UgynWmjwaCEOXhy4nZB4AaABAg,0.1573406404397955
UgynnPxowXSXQUwEr-Z4AaABAg,0.052367344173319945
UgynuFx6RWrpLhcHcvJ4AaABAg,0.15486557516658206
UgyoShjgFft-g3fdVrh4AaABAg,0.143865120655159
Ugyo_ShpkI9c9lqoxXh4AaABAg,0.14667176071570653
UgyocxgVSbp8E4aWzoR4AaABAg,0.1487458139697027
UgyoinqMxxAgkkC-vQR4AaABAg,0.17443494832574247
UgyolOhkOUiCZ4RWGB94AaABAg,0.13659592732572118
Ugyp-Y9Q2lF59pQFbZB4AaABAg,0.15042217509598943
UgypE7hmXTw8dTb6FqV4AaABAg,0.11652261498717376
UgypbLQdR6nesWLP-vd4AaABAg,0.1455228149655412
UgypjP0iuNWkVuwAZU14AaABAg,0.037367658626088276
UgypmRRGM29Uk7td9pR4AaABAg,0.004703569632425354
UgypofQYSgRlVjCDDM14AaABAg,0.14769527170860375
UgypsZawQQCFZ2YfVAZ4AaABAg,0.15942059876671272
UgypyZ8H1fvLsVye15d4AaABAg,0.03470354084605577
Ugyq00S3SbSdVQhl8SF4AaABAg,0.016339045450966733
Ugyq4EYsqxf-qpyzhgV4AaABAg,0.036699946605402406
UgyqA9cBMqX-DyWH3bd4AaABAg,0.0200118652520723
UgyqGQvyIX0r3G3nKkl4AaABAg,0.07181831445045639
UgyqHCmGT_PaVVZRN-h4AaABAg,0.14944882568293572
UgyqX5KUIDRm61atIwJ4AaABAg,0.15673055017053988
UgyqfEKvyWpekjxHKaF4AaABAg,0.13498496206885907
Ugyqy1Gey217UI8Zi7d4AaABAg,0.10064188381612794
UgyqyXLZvxaLFBP9bgR4AaABAg,0.12758195275352274
UgyqybqlxZQiFM6u_Vx4AaABAg,0.07540907094454032
UgyrEpdTbG3qoAC1HL14AaABAg,0.16442560245675086
UgyrH265CBfLAAnVzc94AaABAg,0.06178823919303103
UgyrP1u5kA1NkcvBwcp4AaABAg,0.13759875364743285
UgyrP__Td7qDypf6D3l4AaABAg,0.06446422396678954
Ugyra1edGa2QffrCsWp4AaABAg,0.13286335607243271
UgyraeBEWa5uaiGM_fV4AaABAg,0.11995814905432396
UgyrcLf8sZYiv_3ET2t4AaABAg,0.15667581511080414
UgyreoehXmNkY1ja5S94AaABAg,0.045080289716056154
Ugys3yvdrnPqBy7Ib494AaABAg,0.07493354506546536
UgysDYhTzBpewrbL84l4AaABAg,0.15922995290808234
Ugysbu6l_RWFgFGtLvd4AaABAg,0.16539941748390907
UgysbxbrfLjzkRIniqF4AaABAg,0.16545131362759397
Ugysimf20IDjzXjJJEl4AaABAg,0.15291016038499228
Ugysr4f_BkAoJkH-inF4AaABAg,0.08261309376108646
UgystgQl8Z_omW0i-494AaABAg,0.06548046144388832
Ugysu6Ej4BAwIhU_Wip4AaABAg,0.038738717265648495
UgyszLJzLErXoCIIPfN4AaABAg,0.13788362908628382
UgytEWJ8DSH6pBtPHgB4AaABAg,0.176195921136368
UgytINmGZMAnI1Dib3d4AaABAg,0.12999340707704815
UgytJcy6BxTmiua7Hox4AaABAg,0.15151642961168466
UgytNYiRHtK9sQlB6Jh4AaABAg,0.03965862517996639
UgytYBoHxJWuJTK0oIZ4AaABAg,0.1388958353204391
UgytmD5RAPdqa-31bxd4AaABAg,0.1280726883262598
UgytyzI8Za3zbKOwwN54AaABAg,0.10801687066639698
UgyuAAn3ibdi3Rt4o-14AaABAg,0.09748674140987929
UgyuIKgbgjhjxpdjPTZ4AaABAg,0.009156932986541425
UgyuKdQIMBgERxFcrkh4AaABAg,0.12765042591636672
UgyuYpBzqXf6BW2bpYV4AaABAg,0.09320312282280518
UgyucjqGHhCUxw2UCY94AaABAg,0.10551038842671796
Ugyug961Uh3SThFNvc54AaABAg,0.02647112116326135
UgyulHnEECo6CJLMMqN4AaABAg,0.021054334145672177
Ugyuqg15bPNliTQ5Tbd4AaABAg,0.09298178449808758
Ugyv84-X3eJerHanQ1B4AaABAg,0.09362139331916935
UgyvKU1lF5heSpgfeZx4AaABAg,0.0467226578493945
UgyvN6i46dzCe3QEztd4AaABAg,0.13883604876872707
UgyvWOr3Wi4EbTRvibp4AaABAg,0.13294005503737194
Ugyw4Pzlz8NAuF5WmlZ4AaABAg,0.15032833972906073
Ugyw9mNy0eg16ptIGSN4AaABAg,0.1586246086566887
UgywApD99eoDjNGIrjR4AaABAg,0.06479010364779787
UgywBUQ5Nu-MvrblAXN4AaABAg,0.14544596360700346
UgywFqpJoOZk7CzUtb14AaABAg,0.10407408806898111
UgywoAnibQb6QnjRsnZ4AaABAg,0.04717637367733757
Ugyx55VWme8jCHn-Dsh4AaABAg,0.13953823155682393
Ugyx8X7waArYk7EUviN4AaABAg,0.12141996386682041
UgyxJbzeCXQr7TDiadF4AaABAg,0.1528412943958427
UgyxMgXioXq5UbsYcQ54AaABAg,0.08960612795063629
UgyxTligUyLQ9ja4vah4AaABAg,0.11923348332976558
Ugyxc7CEgrCQ9v-xNlh4AaABAg,0.10815883673045858
UgyxkSpmPL-b3iN1z-N4AaABAg,0.16986547487974513
UgyxpOI9U-rRez8Gux14AaABAg,0.10192731803452931
Ugyxt25NorUKD9Jajn54AaABAg,0.149127372169992
Ugyy-uamU6C8xYxPFC94AaABAg,0.04699302778107502
Ugyy0Fcw8KOR0mHj64V4AaABAg,0.13843063250863763
Ugyy1COuZL0U4M6BTO54AaABAg,0.17062312609974467
Ugyy43bdi0PdOIeaFUZ4AaABAg,0.13431952205516906
UgyyA0qRIrG660yTkDV4AaABAg,0.13578726799189506
UgyyAnweQVj2EdyPtrx4AaABAg,0.14078846480718588
UgyyGBGMSL2tQX2fMJx4AaABAg,0.11514197668102716
UgyyXfF3cKAhqjVO6oN4AaABAg,0.0664490714115555
UgyyZwmveCWAohxbN4d4AaABAg,0.16408306409524315
UgyynnFXobAXRzKE91l4AaABAg,0.020028928513661948
Ugyyu8GxyXuat3xe4Mx4AaABAg,0.05049962956300032
UgyzAZqrHy_HDYkaxtB4AaABAg,0.16023434695044242
UgyzEAZygHvdMNWuw9h4AaABAg,0.030331901743896262
UgyzEybnHK9vFLAZOwJ4AaABAg,0.041304096073332255
UgyzG-SYkBvFfhq_c9x4AaABAg,0.03901289556010232
UgyzHuD9ki4CtD7ht2x4AaABAg,0.09335816150932907
UgyzInEKGV0yNW-1hmp4AaABAg,0.14815490794498742
UgyzbDaFUtxyBLzAM7d4AaABAg,0.017249363048419078
UgyzcblQzl9uvgPy2gZ4AaABAg,0.028761414112511253
UgyzfYjqoEbpipOQBuJ4AaABAg,0.13163815179425886
UgyziPeWuCxQhyVYVAF4AaABAg,0.020983509109853624
UgyznBwwPl96A0mJ33J4AaABAg,0.13543589694295988
Ugz-BZLI9G2VIqCvrb54AaABAg,0.17719472190727226
Ugz-OjYp2WZJymXjAMl4AaABAg,0.031506626990586026
Ugz-Sf4sNwDiLEICOoB4AaABAg,0.011443862045806288
Ugz-U7_45NuL7_BRhvN4AaABAg,0.06883331065992446
Ugz-jnRFiPDL1_vK3MJ4AaABAg,0.12679302670370263
Ugz03WFhUuhJ8lygcDx4AaABAg,0.1545872658682026
Ugz09Z26dvE1fqXQhtd4AaABAg,0.14490081029218232
Ugz0RpSps9Cg8WWnBAR4AaABAg,0.14649845640504033
Ugz0_zb1BAcAeEEK3yF4AaABAg,0.03932191821781281
Ugz0gsq73YgNkRn_6_F4AaABAg,0.1473670303197071
Ugz0gxEDlZW5LZw5kNl4AaABAg,0.028027098481989688
Ugz0ibrf6nrt0XL0Jvh4AaABAg,0.12032582050350482
Ugz0n2CK1NxqL3bPlGF4AaABAg,0.14459869441063844
Ugz0qJ5zUaHCE6xk2PV4AaABAg,0.03513613026125084
Ugz0tWD1D1RbIhQDgJt4AaABAg,0.0016427089780354477
Ugz10LGmDhNPC6owL954AaABAg,0.15710235311484355
Ugz12Q1cje82UJ4PBCh4AaABAg,0.08977748698359267
Ugz19eX9umNuiyk4Xy14AaABAg,0.10849471749255164
Ugz1HYNtIH3tmhOw8SR4AaABAg,0.1551184550776174
Ugz1LSP4G0SEFDNbJfB4AaABAg,0.10878792332184667
Ugz1bFixtRD0eZBljqN4AaABAg,0.1709575939063273
Ugz2FqMpcJ4_4gusLjt4AaABAg,0.15696718658188585
Ugz2Uru5oUiHrcGWAjR4AaABAg,0.16598181413683372
Ugz2VhWFQwPznQEIOad4AaABAg,0.17646878224732787
Ugz2Wg5uhBcgvxH906Z4AaABAg,0.06695014318934196
Ugz2ZejigwiCVYw0Qip4AaABAg,0.030146992944744114
Ugz2oFc5hsPKbS5cTep4AaABAg,0.1761411684355383
Ugz38AXbMjJbMhQgOyR4AaABAg,0.08654262583449136
Ugz3ABd6c9zCoH6SGz54AaABAg,0.0053498785526418305
Ugz3GgFCEzuzKazDaDd4AaABAg,0.16552966629997307
Ugz3IFvG1t9_JZWREaR4AaABAg,0.14167053626126358
Ugz3Id0uKpSXy4-jwl54AaABAg,0.04415926323789898
Ugz3MJM7W1cZDXJ3L_p4AaABAg,0.12860612714666214
Ugz3XCReNlxdbpYAoIl4AaABAg,0.14082989306881882
Ugz3aSi5n-LN6iI_2Nh4AaABAg,0.16316478084041053
Ugz3esk0DrXp4lhGJWR4AaABAg,0.08300335584594316
Ugz3mn_oDXNXg-vKm0N4AaABAg,0.12705356151251257
Ugz3oQlF4uZV6Ce_F9R4AaABAg,0.13392817035929683
Ugz4BBu0jxT6zpungvN4AaABAg,0.11103038657700803
Ugz4EPcPSSdj05tkrTl4AaABAg,0.1320161512635843
Ugz4_In32OgljkOvBWV4AaABAg,0.133476868786018
Ugz4gv2fGx6s9k1phFd4AaABAg,0.12561440214749414
Ugz4iwyCj4bmJ-uDyLJ4AaABAg,0.12664167772444967
Ugz4rs17r5EaBg9gf9J4AaABAg,0.08495639261520704
Ugz4zn83F6NEVBedmcF4AaABAg,0.06275979499377972
Ugz5Gte8lHFcgeoCzj94AaABAg,0.16734174181369516
Ugz5I7EWduvQuLGmNnV4AaABAg,0.1632671815289249
Ugz5PAKL59f-3PyG6eN4AaABAg,0.1428492248407099
Ugz5VlUIFNWNBXISGCZ4AaABAg,0.13359658736429375
Ugz5dQVJPwNBfmthAwV4AaABAg,0.048192274869788554
Ugz5q0ZHrdhfl77Dfxh4AaABAg,0.15158520063292996
Ugz5xbKdgdWqvWk1TvV4AaABAg,0.1850165265771036
Ugz5yZIfrgHxXdEzSMJ4AaABAg,0.10354444835229872
Ugz5zwi4gbiCgetrAaB4AaABAg,0.17245849103783883
Ugz6BAy2VT6hMeVO-HJ4AaABAg,0.16015477158981534
Ugz6D_SoE0GonMvzTtN4AaABAg,0.14734254645185613
Ugz6EXk9liHOhh02zXB4AaABAg,0.1638931455768965
Ugz6PknVu6C4o8f9ITZ4AaABAg,0.05218660168151851
Ugz6SGaUOlRadJKEwr94AaABAg,0.010017758600700939
Ugz6adKfMmBT-LQPZEF4AaABAg,0.134162409914227
Ugz6pWph6gLTMIpUdmx4AaABAg,0.1268668313431261
Ugz6rbQtAUGdpFnFRpR4AaABAg,0.17630350749822454
Ugz7-HUmfullsXF0o5l4AaABAg,0.17849857739877295
Ugz7BbVydsrSY9Bumb14AaABAg,0.00669030649184245
Ugz7Hcz9G4iUceIJ_wl4AaABAg,0.17550176872710105
Ugz7WOaD9j94lGMhqK14AaABAg,0.056217849623963034
Ugz7cL8_NtmEFZJ51tV4AaABAg,0.07220557595571293
Ugz7l3YCWzGpKbnQpIl4AaABAg,0.115068889761891
Ugz7tSa1tjFoIG36dqV4AaABAg,0.1606166549022921
Ugz7yLs9IsZPVpvTbMp4AaABAg,0.10960032561062288
Ugz87tZIXtl5BG9rEhN4AaABAg,0.00825666783877287
Ugz8BgJWaDrWmjIMXWN4AaABAg,0.07489189965887168
Ugz8CvG6DEJbJf1UDwR4AaABAg,0.12889024118912867
Ugz8DSv0YOt8pkIZpkl4AaABAg,0.15955133704680446
Ugz8ElLx83c63cxgRId4AaABAg,0.07092750903407011
Ugz8HgMSJUs3rIMxiIR4AaABAg,0.13222021096745756
Ugz8d-DUAOLLiVgdVRV4AaABAg,0.025383230041790994
Ugz8f-uEsbm0w0ht2gt4AaABAg,0.06051119852427038
Ugz8jJaqvwTr-qHGPqJ4AaABAg,0.11342690092339308
Ugz8mzwJC-p0BVAN-3J4AaABAg,0.039832698229480185
Ugz9KdXF50TRJKA84f94AaABAg,0.10187759796618023
Ugz9UrEFxpvLpuKK1xl4AaABAg,0.14955485207874142
Ugz9W8PK4M98A1pDmD54AaABAg,0.15967964015196506
Ugz9ppm8ZqIO7-rrf8l4AaABAg,0.15475973936006193
Ugz9w8QXLpicMH-3uq94AaABAg,0.03174145241650388
UgzA-t_WuiOS7djMaf14AaABAg,0.15324547597073962
UgzABBhr-euTB6D8oFh4AaABAg,0.06783847632200513
UgzACM3aGB-h75d1BLN4AaABAg,0.1366023305101987
UgzADIgGdY9Y9drc6W14AaABAg,0.04684831685055252
UgzAIEutyp17LZLMqEZ4AaABAg,0.15236888724908815
UgzAIxF0yipJtlHU_SR4AaABAg,0.14132574309012985
UgzAL3jk9XEren6NaNt4AaABAg,0.157349540787946
UgzAU_B_D_qvO0I_dNN4AaABAg,0.16942451526335822
UgzAVm8Rq7CoeycI7gZ4AaABAg,0.09316387860168034
UgzAXXJ4vsE_9joePJN4AaABAg,0.028840121001192324
UgzAbJo_kICbDA27gGN4AaABAg,0.16226727253742873
UgzAeyVTfySNTUQ5cuJ4AaABAg,0.09700539527450441
UgzAgkEhsWHvQIeSpnh4AaABAg,0.13934074271255392
UgzAlHZUyotBSGnUEEJ4AaABAg,0.10300962690625909
UgzApV3194ZbzYROH6Z4AaABAg,0.15204770609897222
UgzB4XEy0ktXFS2iO6x4AaABAg,0.09749840709749738
UgzB9R8IK3xZqKqOETZ4AaABAg,0.07595056528380406
UgzBBCYAFyoTpYNjYpR4AaABAg,0.14342803649211278
UgzBEvYnToXbQBLmkdR4AaABAg,0.04267414683323885
UgzBMqmYnfj3-KSJsdx4AaABAg,0.11355499754389188
UgzBcDiP2RjcRS8t3zl4AaABAg,0.1351423686391034
UgzBfV4VeRAMqVZlQ9x4AaABAg,0.15002412920383068
UgzBwDFAhJkUjPgbF-t4AaABAg,0.028640318625816202
UgzC4r3t9iG5H4q04Cx4AaABAg,0.07532533997841957
UgzCM1qR7l1CdTimZFp4AaABAg,0.013272066535429852
UgzCNKrmLRkxTEZmil94AaABAg,0.0632596158311155
UgzCUOOp5Gnahoexw1J4AaABAg,0.07377168454720341
UgzCx1Jx7LUCQ41GF8h4AaABAg,0.007520410603977113
UgzD1o31P2LLWwdZ1FR4AaABAg,0.1436183376711478
UgzD2UGawEY1YadPiUp4AaABAg,0.15648824747044654
UgzD2_5Vchne5-_VxDR4AaABAg,0.16310914644053776
UgzDCq5FdBHd9RQtipZ4AaABAg,0.03432080124655018
UgzDGOgx1hU5mkej_j14AaABAg,0.08693136066885154
UgzDHRo8WZA5MAIO4Z14AaABAg,0.13439669019524503
UgzDKSpA4AFxOJt32s54AaABAg,0.013911598314644471
UgzDLoRksijDjPNEJKp4AaABAg,0.1745423076470634
UgzDMhmd-owMZfwnvJB4AaABAg,0.0724361938238232
UgzDWdVvlulq6txmv954AaABAg,0.006074511580389828
UgzD_9thHFrmIU9rqgl4AaABAg,0.1365377769316588
UgzDiHocvPimi9aAcxh4AaABAg,0.17177125551983613
UgzDuZBDzcZGx2djLhB4AaABAg,0.01432548759616505
UgzE5U62iFfyZhft8ph4AaABAg,0.154354886201021
UgzEClbsUQadhuihYgl4AaABAg,0.12957174542965771
UgzECy_xGFO7W4K8lH14AaABAg,0.11736111321271514
UgzEU_RdDJc4yq-Y4qt4AaABAg,0.15650115319055563
UgzE_qDWO8Rlxvv60Il4AaABAg,0.04605291254266666
UgzEt4KTY5d3mhIJxHd4AaABAg,0.15277040086530086
UgzF8FeaEInDzv2w5e54AaABAg,0.08210782203963342
UgzFL8xG_Ax2UFPwl114AaABAg,0.04644073383838887
UgzFZ97w58vZ1o0p2W14AaABAg,0.13534188074932968
UgzFj5Ua4pkHf8jflB94AaABAg,0.14530076231820194
UgzFoeYHZFpEVYaEZm94AaABAg,0.03241617061015224
UgzFzuVtdUwN5Bp0HiZ4AaABAg,0.09570708538055923
UgzG5ML670zV6f7-RC14AaABAg,0.17667442805426292
UgzG6fwKB_FehTTzX8V4AaABAg,0.1437231929964311
UgzG6x8zZ-pgfNeIeEh4AaABAg,0.13725264308138108
UgzGHgF9kyRqfVFW2mh4AaABAg,0.1458939327184124
UgzGJczoQoePpuHc42x4AaABAg,0.14837172395272785
UgzGM-VHXM2UQcB-WY94AaABAg,0.11430528028535092
UgzGNAYspY-jhmAaESd4AaABAg,0.1546005349663045
UgzGNPukZMEIcyTrF-F4AaABAg,0.01200768666161553
UgzGRgbhF-GvBYaUx8l4AaABAg,0.03156580124288172
UgzGpT2B5WU3JXjjVKd4AaABAg,0.047729293440747
UgzGrjHUVfDkT0JscAN4AaABAg,0.14629834563193367
UgzH7R_kIPMxo9WfYOt4AaABAg,0.1058794088483978
UgzHLJRYQNn8RA9Yxs54AaABAg,0.01312261570587521
UgzHYJEwB_hGfsx1YKZ4AaABAg,0.06173508894704889
UgzHfKf3MCECK0bCmGB4AaABAg,0.12209867678196662
UgzHgoLf_uIVZ0HI3Ld4AaABAg,0.13459434893844852
UgzHo_z_9H1h15QI_vp4AaABAg,0.046170204661486636
UgzHpXCvT33R7Jp2BKB4AaABAg,0.12041992048858766
UgzI-G5GzgkqautYY5B4AaABAg,0.1403730313503629
UgzI6q5ne151MuY40J94AaABAg,0.14856176870158977
UgzI8cf7r-K4zgKfFIV4AaABAg,0.11490219434421794
UgzIBbahsKtrtZPfQIV4AaABAg,0.16421044102873888
UgzIkGUH-yBinJ7x3I94AaABAg,0.05434031681964825
UgzIp9FVcZeRNXpxoa54AaABAg,0.10279524222306091
UgzJ0m6Ulg-pZnBT3KJ4AaABAg,0.1496918708311537
UgzJ2S0t06pH000zWzh4AaABAg,0.12422840966306875
UgzJ5Lrg7zL_uvVfSid4AaABAg,0.15902983188747638
UgzJ5xK1TEVDXq3VE5B4AaABAg,0.14054597565602728
UgzJWnstP1UWtQH8QLB4AaABAg,0.05556097131447002
UgzJbiJ4yYCCEIE-jhJ4AaABAg,0.0672356991576747
UgzJcZ1vOTBQggZhyd14AaABAg,0.13659592732572118
UgzJfx8_UePLBZj5bY54AaABAg,0.10534390317967973
UgzJxAyIxMpq8pssd9l4AaABAg,0.1531972095124488
UgzKEqYhSEgAyOo8F0l4AaABAg,0.1717270787625354
UgzKOkMxHdXlXoY5Ovx4AaABAg,0.10529143408161362
UgzKTC0_XSA7zlILLFV4AaABAg,0.0748761962773633
UgzKVudjnmS7WP_bATV4AaABAg,0.12597526309728307
UgzKhcvmJx7gItPGnhh4AaABAg,0.05358572019270931
UgzKtq1PHHOPS_sPTqJ4AaABAg,0.08708606981816126
UgzKum1SZrUT0jxjpo14AaABAg,0.018570766062204577
UgzKzoaoZcDesNkAKc54AaABAg,0.00928587441436192
UgzL0mklMZX4sI0Yy0R4AaABAg,0.0785723263809713
UgzL4n5tny7XJ1ttQzN4AaABAg,0.14836089163066274
UgzL5DAelfnXJSLyZq54AaABAg,0.17982491084844843
UgzL5MQ31_LeJOlyBOB4AaABAg,0.14327750345105716
UgzLVEiPdXtNFj4gDnV4AaABAg,0.13399896300647868
UgzL_tRaJH8SKmNood14AaABAg,0.16786887786943472
UgzLeuCcQEq4BC6kLoN4AaABAg,0.16213154973400767
UgzLmKGUcD7g9LINaFR4AaABAg,0.1116763470065783
UgzLmisn-ZoTqwRzI994AaABAg,0.1260083242758952
UgzLoSJXbisiiNE5ovZ4AaABAg,0.04262339385526971
UgzMEO-jMzHjWdALifl4AaABAg,0.11043727634712625
UgzMO1uaq15G9ZkBJxF4AaABAg,0.13733073671194074
UgzMPKQGQCelgbncmB14AaABAg,0.15851521390896517
UgzMZPwN6ObiGbQiTQh4AaABAg,0.13410591327548388
UgzMp1mtYKYhkokrrSN4AaABAg,0.018752462020136546
UgzN5LAO0w8So6spB9d4AaABAg,0.09513024339388672
UgzN5aobdvasHe9PJRF4AaABAg,0.023170339969234583
UgzNEcWYI5OtPWduXXZ4AaABAg,0.08028972135745867
UgzNK208HRcwNTwmY8p4AaABAg,0.1503450962142619
UgzNRph-dHufrFHTMhB4AaABAg,0.07226885296388774
UgzNYhr1oss0upNuUOR4AaABAg,0.034359735237209366
UgzNbf-APbDg32HX7dh4AaABAg,0.14002485782405644
UgzNgfme9Srzjo0uZTZ4AaABAg,0.15671691021836504
UgzNnXt31HPYbfKLkNx4AaABAg,0.051917837537662284
UgzNrxXKW_Q7lFvOVSZ4AaABAg,0.10758658579714725
UgzO2DrF-X8pMJzqNrd4AaABAg,0.07066623721062493
UgzO4khp7aXdfnJ2ekJ4AaABAg,0.05357486745984602
UgzOAdguJSOsO1M_mKB4AaABAg,0.16831358986517536
UgzOCwwMmdy8ulESTc14AaABAg,0.09049401959781249
UgzOGOOLTUCzZRpyTbh4AaABAg,0.039774309276291
UgzOMnl9eJjkczSM74Z4AaABAg,0.033984390371201545
UgzOOrQuy4ZsfmjLyRd4AaABAg,0.15854049700627298
UgzOXmrVWECjvbRjSat4AaABAg,0.14813861062099942
UgzOgT4UjTNArh2kmE14AaABAg,0.05056883201920523
UgzPA1xWOQMMRMs4J0p4AaABAg,0.15792879117226183
UgzPAHcMdzCrk8oSC9Z4AaABAg,0.1674139995261565
UgzPFZTtcqOQf5Pxgj14AaABAg,0.16467910636776978
UgzPLKfU_ebgO-qjfjF4AaABAg,0.0933895124650772
UgzPPrEI9swdTmw99p54AaABAg,0.14813020911641078
UgzPUGCI7nDvBcNZgFh4AaABAg,0.1306724083627705
UgzPUozgc-8DXPygAuR4AaABAg,0.01782322482348564
UgzP_jRG_bJO4o2zShp4AaABAg,0.052567842726986364
UgzPb4cZ1spvgiaQgAB4AaABAg,0.13206548617196617
UgzPbqYy6ydKk1UA3aN4AaABAg,0.04637772111001642
UgzPbtMK3ySRrKJ6vfV4AaABAg,0.16802884226320036
UgzPd4NZgTyzxa4p6Xd4AaABAg,0.011285847532270122
UgzPnBxsFUw0OuQWHVZ4AaABAg,0.15371269240186125
UgzPq0zIUyMANqZWtzF4AaABAg,0.0053815016688871335
UgzPyBeuC6ZNdQFb1Ip4AaABAg,0.15002235625396027
UgzQ9PyhdWQrB3zOGKB4AaABAg,0.014853703145158811
UgzQD02MAwo7rcKS9ml4AaABAg,0.11133936129492161
UgzQFJVEDjPki273wTF4AaABAg,0.14053222915625063
UgzQLAiBsdsS8rtqHBB4AaABAg,0.0355508649776177
UgzQREJVyfUAew9FTBx4AaABAg,0.040265183756562795
UgzQXcf1DTCsoQ7bVFt4AaABAg,0.1308843029308414
UgzQYSN88Rc7QqVf4CR4AaABAg,0.07580358837522533
UgzQgSjwTWZhPxmriEV4AaABAg,0.04372412316231988
UgzQkcjcvf4UsVbQs3F4AaABAg,0.11156436661098419
UgzQnjd0z5Itzoke2aJ4AaABAg,0.14703945530435197
UgzQsRmJsbi9_xcjCJV4AaABAg,0.14864917532908595
UgzQsTFbYzaWFjhSkwF4AaABAg,0.06368892311724988
UgzQsh04gWDA8Q3v_pp4AaABAg,0.13840820397392373
UgzQtCCb886r-c8rBgR4AaABAg,0.10451287597151433
UgzR-U1cM3EMtr0ZiaJ4AaABAg,0.14483368774886268
UgzR0fXQ73KF9EnEFmB4AaABAg,0.010869482352510746
UgzR1fiTYsFZnCoT8F94AaABAg,0.16432452435026296
UgzR61NGF_a1yuU5Q3B4AaABAg,0.16051495112760367
UgzR70BT7VeXuMmhr4t4AaABAg,0.10843703482356866
UgzR9j5gY4tc-GPGp594AaABAg,0.11613982087248204
UgzRAAUIu0kz5vipU8V4AaABAg,0.1305943951759621
UgzREfe6hgORbnlKtdF4AaABAg,0.010197491062238679
UgzRHeZLLkHLI0qA_mJ4AaABAg,0.04815633052718683
UgzRIagruadNJnNAFhl4AaABAg,0.1762149611069151
UgzRR-WAszKNDb6cBoJ4AaABAg,0.03869205932714814
UgzRTWh44_GiWneR-bB4AaABAg,0.1255746213194298
UgzRfCxE_erDu1Hs7HV4AaABAg,0.10140858549588296
UgzRhxomeuHeUyeFLCR4AaABAg,0.0012848875629879906
UgzRvP1LBuU1FZzmYjN4AaABAg,0.1323186603198364
UgzRze4A8saBHIeZ7uV4AaABAg,0.15899609664765652
UgzS0LLdVB3_rj8rPFt4AaABAg,0.006174998166533195
UgzS14D7Dk9ONJzQO5t4AaABAg,0.11787096934459884
UgzS3LDSyMGuaHRbTud4AaABAg,0.18030508431934994
UgzS3_ppJJzoOZ9aWPJ4AaABAg,0.16926083170229278
UgzSCd0K8kAptKLXpNx4AaABAg,0.1384533795902939
UgzSFfqDQFAZFnECEal4AaABAg,0.05019131515826036
UgzSODNYVtmoD7E0BvN4AaABAg,0.1339183432997305
UgzSVN4KuRCQrYH-Xcd4AaABAg,0.16945039620476915
UgzSWicIUrmWPPjbJjp4AaABAg,0.13968085958594095
UgzSXLtkMbBU88egp0d4AaABAg,0.12104822895386663
UgzSeP-qCU55AUxAyJd4AaABAg,0.12565042809473187
UgzSnwARwmHtmsfnnAp4AaABAg,0.04124641087989295
UgzSv-z-imq3MbelDiB4AaABAg,0.05097348396346654
UgzT0UQjDAaC3kICTUF4AaABAg,0.02994159976608192
UgzT8Grj6IpWyGb4zd14AaABAg,0.042190561582235886
UgzTHUl-Fi73FxSRynd4AaABAg,0.1411075771986584
UgzTh9jVZHJS98tMy6J4AaABAg,0.14675006655385936
UgzTmxcK6DRuZ7SK1oF4AaABAg,0.16906656976586937
UgzU9rwPQjwQSDKz9QR4AaABAg,0.13260654316312903
UgzUDzwNpNO3w1dgRoV4AaABAg,0.1691917136722334
UgzUSHU2EuKSMe6Z6Hx4AaABAg,0.11030810863033463
UgzUg64stxxcmK-fVUh4AaABAg,0.1225413994128049
UgzUlZAqaNO1T3STrNd4AaABAg,0.09774212661253678
UgzUxHLJrhYG_wUu5Ft4AaABAg,0.005661243395918351
UgzVSY7zkIhOwA5rRK94AaABAg,0.08151461624724127
UgzVTqbehrmuBx86Pkh4AaABAg,0.08840749494477952
UgzVhrdZacMpKVBkzgR4AaABAg,0.04503309010565655
UgzVrE0bGoqNbpHr_UB4AaABAg,0.04680674745862558
UgzVupfilgMnUeGYact4AaABAg,0.1397463706139111
UgzVv3sfan2jvbKhWCt4AaABAg,0.09691345828192906
UgzWBHnYVCQzE41-iGZ4AaABAg,0.06427146877938524
UgzWFYV_sW8pJX_o-_x4AaABAg,0.06673431913330281
UgzWLwS16YGif8LkhrB4AaABAg,0.09198349612656959
UgzWM2B4spieR9vb12p4AaABAg,0.013679479937311981
UgzWVGgsuzMOMQYjTSp4AaABAg,0.12475883754256778
UgzWVc9qQS4ecw-QRgt4AaABAg,0.01931841434412697
UgzWYdXTIP1bG_8BLFl4AaABAg,0.12850194321663538
UgzW_VySRMDLoKJG9OV4AaABAg,0.09970949134835616
UgzWjbmgDbxAb4qcVsN4AaABAg,0.13751071737895976
UgzWsZYEcm4vP6Yd6Pd4AaABAg,0.11020125305361922
UgzX6EaFfsbZy8nAhMJ4AaABAg,0.1778069294618141
UgzX7ZTFe5wJUDVgsSp4AaABAg,0.1299708881107181
UgzXBrz4v7-BA8dbE1B4AaABAg,0.16614607238702173
UgzXCB2ooTqPSofnmPB4AaABAg,0.1268098032516794
UgzXEYZUPVBZPxBQb5V4AaABAg,0.16185930577228225
UgzXOhwlIkovJ2_JUsd4AaABAg,0.03534987891124548
UgzXb54uTQHO2sRHv614AaABAg,0.14358429635582237
UgzXdW5Cgb4CBmdr4It4AaABAg,0.13524985199574902
UgzY9lv1ygyxaLanJ3R4AaABAg,0.15774793543490906
UgzYGiqE4C3ZxSRn_cl4AaABAg,0.05017024106364709
UgzYN7qPmmyI6cBm6SV4AaABAg,0.15539269276212175
UgzYRddDnv-9-idjfQ54AaABAg,0.13827719039527542
UgzYUAtauxagMyGVlTV4AaABAg,0.1501600193727955
UgzYb-Po9M3tFJxUi2l4AaABAg,0.10538578231100533
UgzYh1OsnrrlMxRBV0x4AaABAg,0.16181961253530863
UgzYiIFkRJ6fq1v8KUF4AaABAg,0.10268354339219365
UgzYiWwWRXSs0icwozF4AaABAg,0.17122308363515387
UgzYo6b61dM9UgtgxbZ4AaABAg,0.08679588158635539
UgzZ0MkoZmO3U4Hwz0x4AaABAg,0.15918519506173778
UgzZ264MmG7xNwuSQKh4AaABAg,0.14358950236024393
UgzZ3U7KDdCDYHW5hh54AaABAg,0.12437575112353139
UgzZHdlDTdmWewbgTaN4AaABAg,0.07254354989324263
UgzZT1Gvp5jmqSd60G14AaABAg,0.1793977608784832
UgzZY-Ly9P1YtmrNHkB4AaABAg,0.14544514713805606
UgzZdNFTz4VrYg_6GrF4AaABAg,0.03158850909818042
Ugz_G2Z8Bsr9dMbV6mZ4AaABAg,0.14957875675683163
Ugz_Qu6PaJjydf5ESm54AaABAg,0.1576013941665329
Ugz_a-JS4Sw6TqLGtdZ4AaABAg,0.14689974645982457
Ugz_kCBa9Ut1tRBoe-h4AaABAg,0.05125418093246564
Ugz_qkHXSFBek9KPtv94AaABAg,0.0758112436960513
Ugza0AM_66DEQ7HI5G54AaABAg,0.13965626257814945
Ugza3QjMBQkTwjRA5Ch4AaABAg,0.02044110267077033
Ugza3YJ0cvXH2-uezyB4AaABAg,0.08238459355281363
Ugza4Iu3-O940_8KZ794AaABAg,0.14059095982925857
Ugza8d37anMHJanf39J4AaABAg,0.13867318382755045
UgzaGHf0c3UDPrS3ohp4AaABAg,0.029368373262586164
UgzaNmtQGhwz183_tkt4AaABAg,0.13568353430599595
UgzaOauuqDr7_ujLqTl4AaABAg,0.1709598457671302
UgzaXf8Kpnj7roEFofh4AaABAg,0.1106419999596327
UgzakXODV77FGj99yOx4AaABAg,0.14283565881712235
Ugzaq8oseraNNRT_uWp4AaABAg,0.14481087458631509
UgzauwLcedJ5tdHtzaF4AaABAg,0.11334089219256432
Ugzb1dcgX458wq0LHkN4AaABAg,0.16624754755282894
UgzbPrjaU0Wc3ZJw8JV4AaABAg,0.15914503399297486
UgzblXsgecUuTasmkyF4AaABAg,0.09381004017401229
Ugzbn88vrWVOAu4c4il4AaABAg,0.1335347377952899
UgzbrTnh2mfer_Tt5FJ4AaABAg,0.04696680148494811
UgzbwRrOHrPvCR9UIHJ4AaABAg,0.1450061398373917
Ugzbz9fxjDzmxUPo4rl4AaABAg,0.14537340141209648
Ugzc41_A1-hjacZH5Cp4AaABAg,0.11447704701178009
UgzcG7xIQy8EUdD7oLx4AaABAg,0.1682027299776077
UgzcHGhJMV2VZmc_V6R4AaABAg,0.14128686462471596
UgzcI92cA-tyl9rS_fF4AaABAg,0.09883553853636547
UgzcIIwJIkG0SWkiprd4AaABAg,0.13121500919068618
UgzcKW9Q3y_H07JfX_R4AaABAg,0.009477157669153968
UgzcPQ2psBoEAIJK4et4AaABAg,0.14634278259399475
UgzcUXKXQMV6IhcZUrZ4AaABAg,0.09631640023288708
UgzcUeQYZvPv901Nlet4AaABAg,0.13910230105913812
UgzcX3NYzerEOlLW-vN4AaABAg,0.13789215291510898
UgzcYxUjrf1u3VfmpS14AaABAg,0.1599342057676703
UgzcaE6-Rpy3CMEXaex4AaABAg,0.14332913103898826
Ugzch8lxl3OVG6d0kCB4AaABAg,0.14551462510937602
UgzcjzvdOeDD4sUohTt4AaABAg,0.02555713272100599
UgzcyOh7k7sxlxrBbBR4AaABAg,0.1252426022467122
UgzdEXJN_RbFmryG3Zh4AaABAg,0.16946296969010277
UgzdHvYPlRF6CE8MhrV4AaABAg,0.1537302372265702
UgzdMLL77FySmrm7Mjx4AaABAg,0.14190286285072978
UgzdOS0CNrFEvUyF0XN4AaABAg,0.11234972720299163
UgzdTfuaWqbPn27SMxt4AaABAg,0.13744675653206784
UgzdfJUp4sjldhZWnK14AaABAg,0.1501374957191049
UgzdlCOIf1tg1DiCerN4AaABAg,0.18332557181193293
UgzdtmfJt7eDKznjooR4AaABAg,0.05387314019493808
UgzdvLhuklnM_5ch7LN4AaABAg,0.008269774693555318
UgzdxW8Hkxcwk2IsA1V4AaABAg,0.1245597073338936
Ugze8wQDA77cKXAxio94AaABAg,0.1480797671516929
UgzeAK3jNnJFcHjLXLx4AaABAg,0.05293576067036722
Ugzea6cqpO1c_zLEPId4AaABAg,0.11667326604692818
UgzefoNC_6h00YdJftZ4AaABAg,0.14822208088357508
UgzehCp44OkP_owzQ9p4AaABAg,0.005234026154054706
UgzeqP2h2EHdT5cFxv54AaABAg,0.11921555399113222
UgzetKzKgu8Bx7odsgd4AaABAg,0.004553345026170733
Ugzf10wlj0Qh33GyNox4AaABAg,0.04434310854819597
Ugzf75vjpSZE7T72UnJ4AaABAg,0.12100447732547788
UgzfA_uIlYR1JtjhMrt4AaABAg,0.16605340384459072
UgzfBhnNbTZtl6gCPEp4AaABAg,0.0909674212860005
UgzfSqncmBkkWERbvJ54AaABAg,0.05025962075571001
UgzfU0tkSKCXOn5yfNB4AaABAg,0.14754620091324144
Ugzfa9aMm-L_1N3tj1l4AaABAg,0.09288879443875432
UgzfaRBtrfu9-VR2rtF4AaABAg,0.1698904116120129
UgzfhYItdbjQ9Zd2wd94AaABAg,0.019686723641792483
Ugzfoa8TrJ090Se7ZKZ4AaABAg,0.14002001343645526
UgzfpJJVAaL1VNbq5M54AaABAg,0.07175439534128325
Ugzfpi2uxvwtElpegbZ4AaABAg,0.12406280805979253
UgzgB695N7OlnPrnMm94AaABAg,0.07712530353079185
UgzgOYKDTINA9p10rw54AaABAg,0.012838310698091951
UgzgZ4fK7yetyAHdhtd4AaABAg,0.12725549766784983
Ugzgf2D6PoVwoJAmZaR4AaABAg,0.04674402786158788
UgzgqVhRy0G0XowYKf54AaABAg,0.11919946933980269
UgzgvJwZWQEWm8Roxwp4AaABAg,0.07619538886210919
Ugzh125DhIsfAccjkgJ4AaABAg,0.04220094566624111
Ugzh4uQsii2s6QiKb7Z4AaABAg,0.004730545515863816
Ugzh5FXy0HYGLpndV0l4AaABAg,0.11198095264141061
UgzhIUlYHvVol8vz7Id4AaABAg,0.1552767927752936
UgzhQgFCh_rgKbDECEV4AaABAg,0.03621127152467048
UgzhQvQV0Gz4fMxndO54AaABAg,0.08029164414360201
UgzhUqe0zCIHwx9DHKN4AaABAg,0.1484005742402273
Ugzhfsy-I1jjFngj0wl4AaABAg,0.07245430004567038
Ugzhp0BS9U_kKpf1s2J4AaABAg,0.0036493220881953685
Ugzhu67fMznF9hHussl4AaABAg,0.1445952718630491
Ugzi-LFM3Tdzb4Il6p94AaABAg,0.13231301020563824
Ugzi7iBHWcd-pI4bNN54AaABAg,0.009076279450789933
UgziFV-8PCpkxaGiP_x4AaABAg,0.08961735456959037
Ugzig8P4N_w1j-y8mDF4AaABAg,0.0667343028067458
UgzikEuAylaA8-hGQe54AaABAg,0.13581259516769884
UgzikRE0ZkTltUYvd2l4AaABAg,0.09827558571806345
UgziqVrCWLBH9rH172N4AaABAg,0.17124338091203628
UgzitA1kq3gpNgdWfiJ4AaABAg,0.16081711834797074
UgziyX6UbOSF9wGUY4B4AaABAg,0.07120949643455898
Ugzj6uaaQ6YRZLanWEt4AaABAg,0.14972546494068772
Ugzj8kiMc7pTAVGNEgN4AaABAg,0.03687857810184533
UgzjBR3ELKKfJ4hIEYV4AaABAg,0.14716958425023102
UgzjcVJLD4v6ox_9uNF4AaABAg,0.07782954991295277
Ugzjt4nWbyCXfciHlu54AaABAg,0.0671536357678445
Ugzjz2x1yH-fhnONOK94AaABAg,0.007416461973451565
UgzkSi5NlYEFPuW5vhB4AaABAg,0.03924478076564206
UgzkV72B-qYsWJB9GNh4AaABAg,0.10789462225743202
UgzkW0Z6G92BdJmkjPt4AaABAg,0.13800892289399963
UgzkgD2BW2AZUx72IlN4AaABAg,0.044240751220255004
Ugzko9dbkULxTrIM45l4AaABAg,0.09814734179012477
Ugzks3DBGWL27oD634N4AaABAg,0.05089605002361647
UgzktmnRjK1tI--IHgt4AaABAg,0.15044326856036544
UgzkxJQUfkKYWMKvIqV4AaABAg,0.11860118712444356
Ugzl1fWnejP301nnWE54AaABAg,0.17968579359966325
Ugzl25quvLYx-ghRd3R4AaABAg,0.13674677158516474
UgzlNFZWPP4yiU1b15B4AaABAg,0.07102387541832667
UgzlkkurpaRP6rFWReB4AaABAg,0.1111085475018897
UgzlsNyiMeClhgI_0md4AaABAg,0.012119506842471695
Ugzm00vjUxV6HtD-Dc94AaABAg,0.014858767767841861
UgzmD3MHGzfDihymE-x4AaABAg,0.10054368364434198
UgzmFqxtkFsD1w5Uhlh4AaABAg,0.11273001381191028
UgzmK1pdHVFZzFHAgIZ4AaABAg,0.1376461092664017
UgzmRJTNA7NYacZ4mzN4AaABAg,0.01432914545253389
UgzmjW-L6ly85BByCMB4AaABAg,0.009136861955802303
UgzmogB6ZjM5j4wdeV94AaABAg,0.07887322364111993
UgzmqIIClJFODslk4nt4AaABAg,0.13250874271343105
UgzmuP9mY2krRkzVYxN4AaABAg,0.08658827717065985
UgzmyPwYIbf7zn502nl4AaABAg,0.049756358450380817
Ugzmz7YOQXyyRFDt_f94AaABAg,0.17836889612727452
Ugzn29S172js1Dwj4VJ4AaABAg,0.007278729160538736
Ugzn9Ujlf-3HgbMhz2l4AaABAg,0.17230295407632507
UgznN8ONxKQMRE8Hegd4AaABAg,0.08945402534951487
UgznYAW_5VlZX9z6Ynd4AaABAg,0.05094490506221397
UgznYGDn1muQNhVNMRB4AaABAg,0.1598683911295487
UgznhyFdNziC6uGeybh4AaABAg,0.0023741283262600577
UgznzHDNxiFnNVMOK-h4AaABAg,0.17488719738617764
Ugzo1rNpBSV4r1_6j-R4AaABAg,0.09325955252280049
Ugzo3UKY8-uB02N0z5l4AaABAg,0.15867850731268318
UgzoE288ww_pXp5iugJ4AaABAg,0.14167045948419188
UgzoJdGaunUuJezU2LN4AaABAg,0.12791975694920454
UgzoKEj2oyqS4IrT_0V4AaABAg,0.13139622778199073
UgzoOf4qnl69lX8W0Gl4AaABAg,0.1719164464325148
UgzoWmfpjdV56ojpbul4AaABAg,0.1547005611564347
UgzoaLFiW3VvpG0bMr94AaABAg,0.1376223754318408
UgzodezQ8P4Qm_OAS9t4AaABAg,0.1601644124435027
UgzoeUwTQScITlVVmz94AaABAg,0.07287618278265878
Ugzoo8i66-Vz8oOa9IB4AaABAg,0.14321000535459383
UgzowzKvTGuN9fB61Sd4AaABAg,0.09791686746504513
Ugzp0BmpMg9cKtJ73X14AaABAg,0.14562641302787754
UgzpTsNPCiY1tGK_uvV4AaABAg,0.14548508061574755
UgzpZ3ZKvkGNdcGRkyZ4AaABAg,0.05446941521133036
Ugzpjvr3_1Siz7JqSE14AaABAg,0.16362164489522263
UgzqBqA7bvWrMf-IXmB4AaABAg,0.02837579071634075
UgzqJSfxhUh9Mos6Bgp4AaABAg,0.15029896956072114
UgzqKE_-bjHpWZKvZ214AaABAg,0.15341269900335758
UgzqMq3ki2X2VnRBJ0Z4AaABAg,0.1702371487249495
UgzqlXHFS4q3xQ9Jz0t4AaABAg,0.014652457116554302
Ugzqv1IXDF8J0LdSgxZ4AaABAg,0.052899457286293264
Ugzr0BLCw7Unh3498EF4AaABAg,0.1497876114293879
Ugzr7tVrhWI5GjVXMvh4AaABAg,0.12212185065470826
UgzrBnKf3S1C9EDYzmF4AaABAg,0.1635760036054985
UgzrQPQ2PcW1bX_J1dZ4AaABAg,0.15941889132179687
UgzrUlIQMS7o-IhuyvN4AaABAg,0.10574544217330108
Ugzrk5htPSvuUmvIyW54AaABAg,0.10300926713996607
Ugzrzqtk7JF1ctcdZAV4AaABAg,0.1323799281488623
UgzsTi0otFL6YU7MLoR4AaABAg,0.15456134291298357
UgzsWdK_KwOUn-iqMYt4AaABAg,0.1730074211949021
UgzseZVJsSoTd09LQSJ4AaABAg,0.1382295368187037
Ugzsf3uQnpBxFpMSssd4AaABAg,0.049588777022388855
Ugzsk1_q3bQ33h-4-754AaABAg,0.05256002647050485
Ugzsm4nA5Nng07nEadl4AaABAg,0.05221372234707039
UgzszIihw_hTSEG_-4N4AaABAg,0.17131052845191952
Ugzt23ADDPoXcwf6BwV4AaABAg,0.17036097313122994
UgztTqRvzOVcLliYaFh4AaABAg,0.14803995345584614
UgztV1t8H6IReV6sJOV4AaABAg,0.1669385037081167
Ugzt_Kzj4BKzHAxyvgp4AaABAg,0.0387958990737169
Ugztjxooieqbl1N4FI14AaABAg,0.1677237734212183
UgztlmV3BHOMOWuv1ld4AaABAg,0.11629293036001472
UgztrC3_3NbjfCWKxg14AaABAg,0.16753607866074338
Ugztzzubi3pcsK1dYJB4AaABAg,0.15350301101570368
Ugzu0Z23s_ixEH5OpfZ4AaABAg,0.13886023120770064
UgzuH0Dx-KSgBIxMuWN4AaABAg,0.13656901125788484
UgzuK0Ywop2-8tZm1FF4AaABAg,0.14394220833332888
UgzuTVTwX0xY4lxHTaB4AaABAg,0.11798511914091998
UgzuUAgCWYww0UOhK2h4AaABAg,0.1613135126034499
UgzuUlmB9--0qGF67Jl4AaABAg,0.12517061237236843
UgzuZjXkk3CH7sSRDtl4AaABAg,0.15792922006935334
UgzuedB99s4awDauOT54AaABAg,0.17122028099877118
UgzukgQyrHIrcnvSMsl4AaABAg,0.1246563141240602
Ugzusea0yfryxjIQyTV4AaABAg,0.14668205018449798
Ugzv-OGbMAiKmdAuQil4AaABAg,0.17773498953709904
UgzvEmk_Df513fBrYBB4AaABAg,0.14573338167954408
UgzvL5kOQLVU3OCmkiN4AaABAg,0.1379882868024429
UgzvQUO0S-f7keDc9jZ4AaABAg,0.0063892142762622586
UgzvmLmbopd-Ifj20CJ4AaABAg,0.05091062117873191
Ugzw36gCHXTd2pUI3ot4AaABAg,0.1723850140605881
UgzwHu7M8kyMPxudyl94AaABAg,0.13900405767214996
UgzwWtikN9y1tZMA3GR4AaABAg,0.15582789136690894
UgzwavR1v8lpKXKlch94AaABAg,0.0132789931407307
Ugzwd5VSLitJn9QN9xt4AaABAg,0.044937807665563434
UgzwibHhcq7QzPyeloR4AaABAg,0.1512685238982872
UgzwmcpdH7g_VwsdDDZ4AaABAg,0.17064552867025556
UgzwwCNFgIOZcWN_6qh4AaABAg,0.10208356101394306
Ugzx4qUTARyLKLet0Ip4AaABAg,0.07993645035892577
UgzxBcWmD4vrjGnQhPh4AaABAg,0.03713396576528766
UgzxCWq3_gcsGAjM84F4AaABAg,0.03788933252811649
UgzxFtNcXGLZbaiC5xJ4AaABAg,0.15409172152224132
UgzxGUxnkADr9l_05bB4AaABAg,0.15395979476801708
UgzxRMuRsSobUJ8vbhl4AaABAg,0.048074894331869844
UgzxbcOsaOG4AAkaYZ54AaABAg,0.04940553971078046
Ugzxl2YgzwYGDQ1btlt4AaABAg,0.11174447511473651
Ugzxz2UvL1XCqgsWtCx4AaABAg,0.0038965518847869744
Ugzy4-CslHThII0-Fb14AaABAg,0.09214177194385109
Ugzy8p4mmijufLJ9SQ54AaABAg,0.09546466925321703
UgzyEzTP42QCH6NeSDB4AaABAg,0.1644134491189001
UgzyGcXwbq7RAXAI0jF4AaABAg,0.07752979351655366
UgzyP0mUKIV94LEGdSB4AaABAg,0.11415241785107455
UgzyrgXWQtUXkrpbikB4AaABAg,0.1049850852495669
Ugzz90HA2UUA3WhFQiB4AaABAg,0.1671930354596785
UgzzIjetHiGXX8vtJJt4AaABAg,0.06688742117490215
UgzzbFcpCHv23qRtTxd4AaABAg,0.16872434435789213
UgzzbIPhzZufrb49MDl4AaABAg,0.1535193376969849
UgzzgttzyNe2D5B0WoB4AaABAg,0.17553538623957288
UgzzqEQP5We3ov0bkcl4AaABAg,0.12819251376193197
UgzztsZmPMbwFzmNy2l4AaABAg,0.06877954684903677
UgzzuC6kjSstX4WwGPh4AaABAg,0.0834007197792272
Ugzzwaasa8k1BSIPZ6l4AaABAg,0.1741269178938663
